rf_scenario_id,age,annuity_rate_curr,provenance
base,60,26.92,[std] level: the aktueller Rentenfaktor is the carrier's then-current immediate-annuity tariff [S13] [R24]; no market level established (gap 3); anchored at age 67 = 32.00
base,61,27.59,[std] level: the aktueller Rentenfaktor is the carrier's then-current immediate-annuity tariff [S13] [R24]; no market level established (gap 3); anchored at age 67 = 32.00
base,62,28.28,[std] level: the aktueller Rentenfaktor is the carrier's then-current immediate-annuity tariff [S13] [R24]; no market level established (gap 3); anchored at age 67 = 32.00
base,63,28.99,[std] level: the aktueller Rentenfaktor is the carrier's then-current immediate-annuity tariff [S13] [R24]; no market level established (gap 3); anchored at age 67 = 32.00
base,64,29.72,[std] level: the aktueller Rentenfaktor is the carrier's then-current immediate-annuity tariff [S13] [R24]; no market level established (gap 3); anchored at age 67 = 32.00
base,65,30.46,[std] level: the aktueller Rentenfaktor is the carrier's then-current immediate-annuity tariff [S13] [R24]; no market level established (gap 3); anchored at age 67 = 32.00
base,66,31.22,[std] level: the aktueller Rentenfaktor is the carrier's then-current immediate-annuity tariff [S13] [R24]; no market level established (gap 3); anchored at age 67 = 32.00
base,67,32.00,[std] level: the aktueller Rentenfaktor is the carrier's then-current immediate-annuity tariff [S13] [R24]; no market level established (gap 3); anchored at age 67 = 32.00
base,68,32.80,[std] level: the aktueller Rentenfaktor is the carrier's then-current immediate-annuity tariff [S13] [R24]; no market level established (gap 3); anchored at age 67 = 32.00
base,69,33.62,[std] level: the aktueller Rentenfaktor is the carrier's then-current immediate-annuity tariff [S13] [R24]; no market level established (gap 3); anchored at age 67 = 32.00
base,70,34.46,[std] level: the aktueller Rentenfaktor is the carrier's then-current immediate-annuity tariff [S13] [R24]; no market level established (gap 3); anchored at age 67 = 32.00
base,71,35.32,[std] level: the aktueller Rentenfaktor is the carrier's then-current immediate-annuity tariff [S13] [R24]; no market level established (gap 3); anchored at age 67 = 32.00
base,72,36.21,[std] level: the aktueller Rentenfaktor is the carrier's then-current immediate-annuity tariff [S13] [R24]; no market level established (gap 3); anchored at age 67 = 32.00
base,73,37.11,[std] level: the aktueller Rentenfaktor is the carrier's then-current immediate-annuity tariff [S13] [R24]; no market level established (gap 3); anchored at age 67 = 32.00
base,74,38.04,[std] level: the aktueller Rentenfaktor is the carrier's then-current immediate-annuity tariff [S13] [R24]; no market level established (gap 3); anchored at age 67 = 32.00
base,75,38.99,[std] level: the aktueller Rentenfaktor is the carrier's then-current immediate-annuity tariff [S13] [R24]; no market level established (gap 3); anchored at age 67 = 32.00
low,60,21.45,[std] level: the aktueller Rentenfaktor is the carrier's then-current immediate-annuity tariff [S13] [R24]; no market level established (gap 3); anchored at age 67 = 25.50
low,61,21.99,[std] level: the aktueller Rentenfaktor is the carrier's then-current immediate-annuity tariff [S13] [R24]; no market level established (gap 3); anchored at age 67 = 25.50
low,62,22.54,[std] level: the aktueller Rentenfaktor is the carrier's then-current immediate-annuity tariff [S13] [R24]; no market level established (gap 3); anchored at age 67 = 25.50
low,63,23.10,[std] level: the aktueller Rentenfaktor is the carrier's then-current immediate-annuity tariff [S13] [R24]; no market level established (gap 3); anchored at age 67 = 25.50
low,64,23.68,[std] level: the aktueller Rentenfaktor is the carrier's then-current immediate-annuity tariff [S13] [R24]; no market level established (gap 3); anchored at age 67 = 25.50
low,65,24.27,[std] level: the aktueller Rentenfaktor is the carrier's then-current immediate-annuity tariff [S13] [R24]; no market level established (gap 3); anchored at age 67 = 25.50
low,66,24.88,[std] level: the aktueller Rentenfaktor is the carrier's then-current immediate-annuity tariff [S13] [R24]; no market level established (gap 3); anchored at age 67 = 25.50
low,67,25.50,[std] level: the aktueller Rentenfaktor is the carrier's then-current immediate-annuity tariff [S13] [R24]; no market level established (gap 3); anchored at age 67 = 25.50
low,68,26.14,[std] level: the aktueller Rentenfaktor is the carrier's then-current immediate-annuity tariff [S13] [R24]; no market level established (gap 3); anchored at age 67 = 25.50
low,69,26.79,[std] level: the aktueller Rentenfaktor is the carrier's then-current immediate-annuity tariff [S13] [R24]; no market level established (gap 3); anchored at age 67 = 25.50
low,70,27.46,[std] level: the aktueller Rentenfaktor is the carrier's then-current immediate-annuity tariff [S13] [R24]; no market level established (gap 3); anchored at age 67 = 25.50
low,71,28.15,[std] level: the aktueller Rentenfaktor is the carrier's then-current immediate-annuity tariff [S13] [R24]; no market level established (gap 3); anchored at age 67 = 25.50
low,72,28.85,[std] level: the aktueller Rentenfaktor is the carrier's then-current immediate-annuity tariff [S13] [R24]; no market level established (gap 3); anchored at age 67 = 25.50
low,73,29.57,[std] level: the aktueller Rentenfaktor is the carrier's then-current immediate-annuity tariff [S13] [R24]; no market level established (gap 3); anchored at age 67 = 25.50
low,74,30.31,[std] level: the aktueller Rentenfaktor is the carrier's then-current immediate-annuity tariff [S13] [R24]; no market level established (gap 3); anchored at age 67 = 25.50
low,75,31.07,[std] level: the aktueller Rentenfaktor is the carrier's then-current immediate-annuity tariff [S13] [R24]; no market level established (gap 3); anchored at age 67 = 25.50
high,60,29.44,[std] level: the aktueller Rentenfaktor is the carrier's then-current immediate-annuity tariff [S13] [R24]; no market level established (gap 3); anchored at age 67 = 35.00
high,61,30.18,[std] level: the aktueller Rentenfaktor is the carrier's then-current immediate-annuity tariff [S13] [R24]; no market level established (gap 3); anchored at age 67 = 35.00
high,62,30.93,[std] level: the aktueller Rentenfaktor is the carrier's then-current immediate-annuity tariff [S13] [R24]; no market level established (gap 3); anchored at age 67 = 35.00
high,63,31.71,[std] level: the aktueller Rentenfaktor is the carrier's then-current immediate-annuity tariff [S13] [R24]; no market level established (gap 3); anchored at age 67 = 35.00
high,64,32.51,[std] level: the aktueller Rentenfaktor is the carrier's then-current immediate-annuity tariff [S13] [R24]; no market level established (gap 3); anchored at age 67 = 35.00
high,65,33.32,[std] level: the aktueller Rentenfaktor is the carrier's then-current immediate-annuity tariff [S13] [R24]; no market level established (gap 3); anchored at age 67 = 35.00
high,66,34.15,[std] level: the aktueller Rentenfaktor is the carrier's then-current immediate-annuity tariff [S13] [R24]; no market level established (gap 3); anchored at age 67 = 35.00
high,67,35.00,[std] level: the aktueller Rentenfaktor is the carrier's then-current immediate-annuity tariff [S13] [R24]; no market level established (gap 3); anchored at age 67 = 35.00
high,68,35.88,[std] level: the aktueller Rentenfaktor is the carrier's then-current immediate-annuity tariff [S13] [R24]; no market level established (gap 3); anchored at age 67 = 35.00
high,69,36.77,[std] level: the aktueller Rentenfaktor is the carrier's then-current immediate-annuity tariff [S13] [R24]; no market level established (gap 3); anchored at age 67 = 35.00
high,70,37.69,[std] level: the aktueller Rentenfaktor is the carrier's then-current immediate-annuity tariff [S13] [R24]; no market level established (gap 3); anchored at age 67 = 35.00
high,71,38.63,[std] level: the aktueller Rentenfaktor is the carrier's then-current immediate-annuity tariff [S13] [R24]; no market level established (gap 3); anchored at age 67 = 35.00
high,72,39.60,[std] level: the aktueller Rentenfaktor is the carrier's then-current immediate-annuity tariff [S13] [R24]; no market level established (gap 3); anchored at age 67 = 35.00
high,73,40.59,[std] level: the aktueller Rentenfaktor is the carrier's then-current immediate-annuity tariff [S13] [R24]; no market level established (gap 3); anchored at age 67 = 35.00
high,74,41.61,[std] level: the aktueller Rentenfaktor is the carrier's then-current immediate-annuity tariff [S13] [R24]; no market level established (gap 3); anchored at age 67 = 35.00
high,75,42.65,[std] level: the aktueller Rentenfaktor is the carrier's then-current immediate-annuity tariff [S13] [R24]; no market level established (gap 3); anchored at age 67 = 35.00
