sex,age,mort_rate,acc_mort_rate,provenance
M,19,0.00027450,0.00009639,"[std] Makeham q(x) = A + B c^x fitted exactly to the three [S12] anchors at ages 20/40/60 (male): A = 0.0002222362869, B = 7.800209431e-06, c = 1.10529306. acc_mort_rate is [std] log-linear in ln q between the [S6] anchors"
M,20,0.00028000,0.00009700,"[S12] ANCHOR row: q(20) = 0.000280 is the disclosed 예정 경험사망률 (male) 교보라이프플래닛 상품요약서 prints at ages 20/40/60; the file as a whole is a [std] construction, the 제10회 경험생명표 not being published [REG-R33] [REG-R34]. acc_mort_rate is [S6] 예정 재해사망률, 흥국생명, same three ages"
M,21,0.00028608,0.00009761,"[std] Makeham q(x) = A + B c^x fitted exactly to the three [S12] anchors at ages 20/40/60 (male): A = 0.0002222362869, B = 7.800209431e-06, c = 1.10529306. acc_mort_rate is [std] log-linear in ln q between the [S6] anchors"
M,22,0.00029280,0.00009823,"[std] Makeham q(x) = A + B c^x fitted exactly to the three [S12] anchors at ages 20/40/60 (male): A = 0.0002222362869, B = 7.800209431e-06, c = 1.10529306. acc_mort_rate is [std] log-linear in ln q between the [S6] anchors"
M,23,0.00030023,0.00009885,"[std] Makeham q(x) = A + B c^x fitted exactly to the three [S12] anchors at ages 20/40/60 (male): A = 0.0002222362869, B = 7.800209431e-06, c = 1.10529306. acc_mort_rate is [std] log-linear in ln q between the [S6] anchors"
M,24,0.00030845,0.00009947,"[std] Makeham q(x) = A + B c^x fitted exactly to the three [S12] anchors at ages 20/40/60 (male): A = 0.0002222362869, B = 7.800209431e-06, c = 1.10529306. acc_mort_rate is [std] log-linear in ln q between the [S6] anchors"
M,25,0.00031753,0.00010010,"[std] Makeham q(x) = A + B c^x fitted exactly to the three [S12] anchors at ages 20/40/60 (male): A = 0.0002222362869, B = 7.800209431e-06, c = 1.10529306. acc_mort_rate is [std] log-linear in ln q between the [S6] anchors"
M,26,0.00032756,0.00010073,"[std] Makeham q(x) = A + B c^x fitted exactly to the three [S12] anchors at ages 20/40/60 (male): A = 0.0002222362869, B = 7.800209431e-06, c = 1.10529306. acc_mort_rate is [std] log-linear in ln q between the [S6] anchors"
M,27,0.00033865,0.00010137,"[std] Makeham q(x) = A + B c^x fitted exactly to the three [S12] anchors at ages 20/40/60 (male): A = 0.0002222362869, B = 7.800209431e-06, c = 1.10529306. acc_mort_rate is [std] log-linear in ln q between the [S6] anchors"
M,28,0.00035091,0.00010200,"[std] Makeham q(x) = A + B c^x fitted exactly to the three [S12] anchors at ages 20/40/60 (male): A = 0.0002222362869, B = 7.800209431e-06, c = 1.10529306. acc_mort_rate is [std] log-linear in ln q between the [S6] anchors"
M,29,0.00036445,0.00010265,"[std] Makeham q(x) = A + B c^x fitted exactly to the three [S12] anchors at ages 20/40/60 (male): A = 0.0002222362869, B = 7.800209431e-06, c = 1.10529306. acc_mort_rate is [std] log-linear in ln q between the [S6] anchors"
M,30,0.00037943,0.00010330,"[std] Makeham q(x) = A + B c^x fitted exactly to the three [S12] anchors at ages 20/40/60 (male): A = 0.0002222362869, B = 7.800209431e-06, c = 1.10529306. acc_mort_rate is [std] log-linear in ln q between the [S6] anchors"
M,31,0.00039598,0.00010395,"[std] Makeham q(x) = A + B c^x fitted exactly to the three [S12] anchors at ages 20/40/60 (male): A = 0.0002222362869, B = 7.800209431e-06, c = 1.10529306. acc_mort_rate is [std] log-linear in ln q between the [S6] anchors"
M,32,0.00041427,0.00010460,"[std] Makeham q(x) = A + B c^x fitted exactly to the three [S12] anchors at ages 20/40/60 (male): A = 0.0002222362869, B = 7.800209431e-06, c = 1.10529306. acc_mort_rate is [std] log-linear in ln q between the [S6] anchors"
M,33,0.00043449,0.00010526,"[std] Makeham q(x) = A + B c^x fitted exactly to the three [S12] anchors at ages 20/40/60 (male): A = 0.0002222362869, B = 7.800209431e-06, c = 1.10529306. acc_mort_rate is [std] log-linear in ln q between the [S6] anchors"
M,34,0.00045684,0.00010593,"[std] Makeham q(x) = A + B c^x fitted exactly to the three [S12] anchors at ages 20/40/60 (male): A = 0.0002222362869, B = 7.800209431e-06, c = 1.10529306. acc_mort_rate is [std] log-linear in ln q between the [S6] anchors"
M,35,0.00048154,0.00010660,"[std] Makeham q(x) = A + B c^x fitted exactly to the three [S12] anchors at ages 20/40/60 (male): A = 0.0002222362869, B = 7.800209431e-06, c = 1.10529306. acc_mort_rate is [std] log-linear in ln q between the [S6] anchors"
M,36,0.00050885,0.00010727,"[std] Makeham q(x) = A + B c^x fitted exactly to the three [S12] anchors at ages 20/40/60 (male): A = 0.0002222362869, B = 7.800209431e-06, c = 1.10529306. acc_mort_rate is [std] log-linear in ln q between the [S6] anchors"
M,37,0.00053903,0.00010794,"[std] Makeham q(x) = A + B c^x fitted exactly to the three [S12] anchors at ages 20/40/60 (male): A = 0.0002222362869, B = 7.800209431e-06, c = 1.10529306. acc_mort_rate is [std] log-linear in ln q between the [S6] anchors"
M,38,0.00057238,0.00010863,"[std] Makeham q(x) = A + B c^x fitted exactly to the three [S12] anchors at ages 20/40/60 (male): A = 0.0002222362869, B = 7.800209431e-06, c = 1.10529306. acc_mort_rate is [std] log-linear in ln q between the [S6] anchors"
M,39,0.00060925,0.00010931,"[std] Makeham q(x) = A + B c^x fitted exactly to the three [S12] anchors at ages 20/40/60 (male): A = 0.0002222362869, B = 7.800209431e-06, c = 1.10529306. acc_mort_rate is [std] log-linear in ln q between the [S6] anchors"
M,40,0.00065000,0.00011000,"[S12] ANCHOR row: q(40) = 0.000650 is the disclosed 예정 경험사망률 (male) 교보라이프플래닛 상품요약서 prints at ages 20/40/60; the file as a whole is a [std] construction, the 제10회 경험생명표 not being published [REG-R33] [REG-R34]. acc_mort_rate is [S6] 예정 재해사망률, 흥국생명, same three ages"
M,41,0.00069504,0.00011664,"[std] Makeham q(x) = A + B c^x fitted exactly to the three [S12] anchors at ages 20/40/60 (male): A = 0.0002222362869, B = 7.800209431e-06, c = 1.10529306. acc_mort_rate is [std] log-linear in ln q between the [S6] anchors"
M,42,0.00074482,0.00012367,"[std] Makeham q(x) = A + B c^x fitted exactly to the three [S12] anchors at ages 20/40/60 (male): A = 0.0002222362869, B = 7.800209431e-06, c = 1.10529306. acc_mort_rate is [std] log-linear in ln q between the [S6] anchors"
M,43,0.00079985,0.00013113,"[std] Makeham q(x) = A + B c^x fitted exactly to the three [S12] anchors at ages 20/40/60 (male): A = 0.0002222362869, B = 7.800209431e-06, c = 1.10529306. acc_mort_rate is [std] log-linear in ln q between the [S6] anchors"
M,44,0.00086067,0.00013905,"[std] Makeham q(x) = A + B c^x fitted exactly to the three [S12] anchors at ages 20/40/60 (male): A = 0.0002222362869, B = 7.800209431e-06, c = 1.10529306. acc_mort_rate is [std] log-linear in ln q between the [S6] anchors"
M,45,0.00092789,0.00014744,"[std] Makeham q(x) = A + B c^x fitted exactly to the three [S12] anchors at ages 20/40/60 (male): A = 0.0002222362869, B = 7.800209431e-06, c = 1.10529306. acc_mort_rate is [std] log-linear in ln q between the [S6] anchors"
M,46,0.00100219,0.00015633,"[std] Makeham q(x) = A + B c^x fitted exactly to the three [S12] anchors at ages 20/40/60 (male): A = 0.0002222362869, B = 7.800209431e-06, c = 1.10529306. acc_mort_rate is [std] log-linear in ln q between the [S6] anchors"
M,47,0.00108431,0.00016576,"[std] Makeham q(x) = A + B c^x fitted exactly to the three [S12] anchors at ages 20/40/60 (male): A = 0.0002222362869, B = 7.800209431e-06, c = 1.10529306. acc_mort_rate is [std] log-linear in ln q between the [S6] anchors"
M,48,0.00117508,0.00017576,"[std] Makeham q(x) = A + B c^x fitted exactly to the three [S12] anchors at ages 20/40/60 (male): A = 0.0002222362869, B = 7.800209431e-06, c = 1.10529306. acc_mort_rate is [std] log-linear in ln q between the [S6] anchors"
M,49,0.00127541,0.00018637,"[std] Makeham q(x) = A + B c^x fitted exactly to the three [S12] anchors at ages 20/40/60 (male): A = 0.0002222362869, B = 7.800209431e-06, c = 1.10529306. acc_mort_rate is [std] log-linear in ln q between the [S6] anchors"
M,50,0.00138630,0.00019761,"[std] Makeham q(x) = A + B c^x fitted exactly to the three [S12] anchors at ages 20/40/60 (male): A = 0.0002222362869, B = 7.800209431e-06, c = 1.10529306. acc_mort_rate is [std] log-linear in ln q between the [S6] anchors"
M,51,0.00150887,0.00020953,"[std] Makeham q(x) = A + B c^x fitted exactly to the three [S12] anchors at ages 20/40/60 (male): A = 0.0002222362869, B = 7.800209431e-06, c = 1.10529306. acc_mort_rate is [std] log-linear in ln q between the [S6] anchors"
M,52,0.00164435,0.00022217,"[std] Makeham q(x) = A + B c^x fitted exactly to the three [S12] anchors at ages 20/40/60 (male): A = 0.0002222362869, B = 7.800209431e-06, c = 1.10529306. acc_mort_rate is [std] log-linear in ln q between the [S6] anchors"
M,53,0.00179408,0.00023558,"[std] Makeham q(x) = A + B c^x fitted exactly to the three [S12] anchors at ages 20/40/60 (male): A = 0.0002222362869, B = 7.800209431e-06, c = 1.10529306. acc_mort_rate is [std] log-linear in ln q between the [S6] anchors"
M,54,0.00195959,0.00024979,"[std] Makeham q(x) = A + B c^x fitted exactly to the three [S12] anchors at ages 20/40/60 (male): A = 0.0002222362869, B = 7.800209431e-06, c = 1.10529306. acc_mort_rate is [std] log-linear in ln q between the [S6] anchors"
M,55,0.00214252,0.00026486,"[std] Makeham q(x) = A + B c^x fitted exactly to the three [S12] anchors at ages 20/40/60 (male): A = 0.0002222362869, B = 7.800209431e-06, c = 1.10529306. acc_mort_rate is [std] log-linear in ln q between the [S6] anchors"
M,56,0.00234471,0.00028084,"[std] Makeham q(x) = A + B c^x fitted exactly to the three [S12] anchors at ages 20/40/60 (male): A = 0.0002222362869, B = 7.800209431e-06, c = 1.10529306. acc_mort_rate is [std] log-linear in ln q between the [S6] anchors"
M,57,0.00256820,0.00029779,"[std] Makeham q(x) = A + B c^x fitted exactly to the three [S12] anchors at ages 20/40/60 (male): A = 0.0002222362869, B = 7.800209431e-06, c = 1.10529306. acc_mort_rate is [std] log-linear in ln q between the [S6] anchors"
M,58,0.00281521,0.00031575,"[std] Makeham q(x) = A + B c^x fitted exactly to the three [S12] anchors at ages 20/40/60 (male): A = 0.0002222362869, B = 7.800209431e-06, c = 1.10529306. acc_mort_rate is [std] log-linear in ln q between the [S6] anchors"
M,59,0.00308823,0.00033480,"[std] Makeham q(x) = A + B c^x fitted exactly to the three [S12] anchors at ages 20/40/60 (male): A = 0.0002222362869, B = 7.800209431e-06, c = 1.10529306. acc_mort_rate is [std] log-linear in ln q between the [S6] anchors"
M,60,0.00339000,0.00035500,"[S12] ANCHOR row: q(60) = 0.003390 is the disclosed 예정 경험사망률 (male) 교보라이프플래닛 상품요약서 prints at ages 20/40/60; the file as a whole is a [std] construction, the 제10회 경험생명표 not being published [REG-R33] [REG-R34]. acc_mort_rate is [S6] 예정 재해사망률, 흥국생명, same three ages"
M,61,0.00376036,0.00037642,"[std] the same Makeham fit to the [S12] anchors, tilted above age 60 by k^(x-60) with k = 1.00988626 (male), the one free parameter, solved so that this table's 65세 기대여명 is 23.7 years exactly - the 제10회 경험생명표 figure [REG-R33], which runs 4.2 years above the public 완전생명표 [REG-R38]. acc_mort_rate is [std], the [S6] 40-60 log-slope extended"
M,62,0.00417352,0.00039913,"[std] the same Makeham fit to the [S12] anchors, tilted above age 60 by k^(x-60) with k = 1.00988626 (male), the one free parameter, solved so that this table's 65세 기대여명 is 23.7 years exactly - the 제10회 경험생명표 figure [REG-R33], which runs 4.2 years above the public 완전생명표 [REG-R38]. acc_mort_rate is [std], the [S6] 40-60 log-slope extended"
M,63,0.00463447,0.00042321,"[std] the same Makeham fit to the [S12] anchors, tilted above age 60 by k^(x-60) with k = 1.00988626 (male), the one free parameter, solved so that this table's 65세 기대여명 is 23.7 years exactly - the 제10회 경험생명표 figure [REG-R33], which runs 4.2 years above the public 완전생명표 [REG-R38]. acc_mort_rate is [std], the [S6] 40-60 log-slope extended"
M,64,0.00514875,0.00044874,"[std] the same Makeham fit to the [S12] anchors, tilted above age 60 by k^(x-60) with k = 1.00988626 (male), the one free parameter, solved so that this table's 65세 기대여명 is 23.7 years exactly - the 제10회 경험생명표 figure [REG-R33], which runs 4.2 years above the public 완전생명표 [REG-R38]. acc_mort_rate is [std], the [S6] 40-60 log-slope extended"
M,65,0.00572256,0.00047581,"[std] the same Makeham fit to the [S12] anchors, tilted above age 60 by k^(x-60) with k = 1.00988626 (male), the one free parameter, solved so that this table's 65세 기대여명 is 23.7 years exactly - the 제10회 경험생명표 figure [REG-R33], which runs 4.2 years above the public 완전생명표 [REG-R38]. acc_mort_rate is [std], the [S6] 40-60 log-slope extended"
M,66,0.00636281,0.00050452,"[std] the same Makeham fit to the [S12] anchors, tilted above age 60 by k^(x-60) with k = 1.00988626 (male), the one free parameter, solved so that this table's 65세 기대여명 is 23.7 years exactly - the 제10회 경험생명표 figure [REG-R33], which runs 4.2 years above the public 완전생명표 [REG-R38]. acc_mort_rate is [std], the [S6] 40-60 log-slope extended"
M,67,0.00707723,0.00053496,"[std] the same Makeham fit to the [S12] anchors, tilted above age 60 by k^(x-60) with k = 1.00988626 (male), the one free parameter, solved so that this table's 65세 기대여명 is 23.7 years exactly - the 제10회 경험생명표 figure [REG-R33], which runs 4.2 years above the public 완전생명표 [REG-R38]. acc_mort_rate is [std], the [S6] 40-60 log-slope extended"
M,68,0.00787443,0.00056723,"[std] the same Makeham fit to the [S12] anchors, tilted above age 60 by k^(x-60) with k = 1.00988626 (male), the one free parameter, solved so that this table's 65세 기대여명 is 23.7 years exactly - the 제10회 경험생명표 figure [REG-R33], which runs 4.2 years above the public 완전생명표 [REG-R38]. acc_mort_rate is [std], the [S6] 40-60 log-slope extended"
M,69,0.00876403,0.00060146,"[std] the same Makeham fit to the [S12] anchors, tilted above age 60 by k^(x-60) with k = 1.00988626 (male), the one free parameter, solved so that this table's 65세 기대여명 is 23.7 years exactly - the 제10회 경험생명표 figure [REG-R33], which runs 4.2 years above the public 완전생명표 [REG-R38]. acc_mort_rate is [std], the [S6] 40-60 log-slope extended"
M,70,0.00975677,0.00063774,"[std] the same Makeham fit to the [S12] anchors, tilted above age 60 by k^(x-60) with k = 1.00988626 (male), the one free parameter, solved so that this table's 65세 기대여명 is 23.7 years exactly - the 제10회 경험생명표 figure [REG-R33], which runs 4.2 years above the public 완전생명표 [REG-R38]. acc_mort_rate is [std], the [S6] 40-60 log-slope extended"
M,71,0.01086463,0.00067622,"[std] the same Makeham fit to the [S12] anchors, tilted above age 60 by k^(x-60) with k = 1.00988626 (male), the one free parameter, solved so that this table's 65세 기대여명 is 23.7 years exactly - the 제10회 경험생명표 figure [REG-R33], which runs 4.2 years above the public 완전생명표 [REG-R38]. acc_mort_rate is [std], the [S6] 40-60 log-slope extended"
M,72,0.01210099,0.00071702,"[std] the same Makeham fit to the [S12] anchors, tilted above age 60 by k^(x-60) with k = 1.00988626 (male), the one free parameter, solved so that this table's 65세 기대여명 is 23.7 years exactly - the 제10회 경험생명표 figure [REG-R33], which runs 4.2 years above the public 완전생명표 [REG-R38]. acc_mort_rate is [std], the [S6] 40-60 log-slope extended"
M,73,0.01348078,0.00076028,"[std] the same Makeham fit to the [S12] anchors, tilted above age 60 by k^(x-60) with k = 1.00988626 (male), the one free parameter, solved so that this table's 65세 기대여명 is 23.7 years exactly - the 제10회 경험생명표 figure [REG-R33], which runs 4.2 years above the public 완전생명표 [REG-R38]. acc_mort_rate is [std], the [S6] 40-60 log-slope extended"
M,74,0.01502066,0.00080615,"[std] the same Makeham fit to the [S12] anchors, tilted above age 60 by k^(x-60) with k = 1.00988626 (male), the one free parameter, solved so that this table's 65세 기대여명 is 23.7 years exactly - the 제10회 경험생명표 figure [REG-R33], which runs 4.2 years above the public 완전생명표 [REG-R38]. acc_mort_rate is [std], the [S6] 40-60 log-slope extended"
M,75,0.01673925,0.00085478,"[std] the same Makeham fit to the [S12] anchors, tilted above age 60 by k^(x-60) with k = 1.00988626 (male), the one free parameter, solved so that this table's 65세 기대여명 is 23.7 years exactly - the 제10회 경험생명표 figure [REG-R33], which runs 4.2 years above the public 완전생명표 [REG-R38]. acc_mort_rate is [std], the [S6] 40-60 log-slope extended"
M,76,0.01865730,0.00090635,"[std] the same Makeham fit to the [S12] anchors, tilted above age 60 by k^(x-60) with k = 1.00988626 (male), the one free parameter, solved so that this table's 65세 기대여명 is 23.7 years exactly - the 제10회 경험생명표 figure [REG-R33], which runs 4.2 years above the public 완전생명표 [REG-R38]. acc_mort_rate is [std], the [S6] 40-60 log-slope extended"
M,77,0.02079800,0.00096103,"[std] the same Makeham fit to the [S12] anchors, tilted above age 60 by k^(x-60) with k = 1.00988626 (male), the one free parameter, solved so that this table's 65세 기대여명 is 23.7 years exactly - the 제10회 경험생명표 figure [REG-R33], which runs 4.2 years above the public 완전생명표 [REG-R38]. acc_mort_rate is [std], the [S6] 40-60 log-slope extended"
M,78,0.02318721,0.00101901,"[std] the same Makeham fit to the [S12] anchors, tilted above age 60 by k^(x-60) with k = 1.00988626 (male), the one free parameter, solved so that this table's 65세 기대여명 is 23.7 years exactly - the 제10회 경험생명표 figure [REG-R33], which runs 4.2 years above the public 완전생명표 [REG-R38]. acc_mort_rate is [std], the [S6] 40-60 log-slope extended"
M,79,0.02585383,0.00108049,"[std] the same Makeham fit to the [S12] anchors, tilted above age 60 by k^(x-60) with k = 1.00988626 (male), the one free parameter, solved so that this table's 65세 기대여명 is 23.7 years exactly - the 제10회 경험생명표 figure [REG-R33], which runs 4.2 years above the public 완전생명표 [REG-R38]. acc_mort_rate is [std], the [S6] 40-60 log-slope extended"
M,80,0.02883008,0.00114568,"[std] the same Makeham fit to the [S12] anchors, tilted above age 60 by k^(x-60) with k = 1.00988626 (male), the one free parameter, solved so that this table's 65세 기대여명 is 23.7 years exactly - the 제10회 경험생명표 figure [REG-R33], which runs 4.2 years above the public 완전생명표 [REG-R38]. acc_mort_rate is [std], the [S6] 40-60 log-slope extended"
M,81,0.03215195,0.00121480,"[std] the same Makeham fit to the [S12] anchors, tilted above age 60 by k^(x-60) with k = 1.00988626 (male), the one free parameter, solved so that this table's 65세 기대여명 is 23.7 years exactly - the 제10회 경험생명표 figure [REG-R33], which runs 4.2 years above the public 완전생명표 [REG-R38]. acc_mort_rate is [std], the [S6] 40-60 log-slope extended"
M,82,0.03585960,0.00128809,"[std] the same Makeham fit to the [S12] anchors, tilted above age 60 by k^(x-60) with k = 1.00988626 (male), the one free parameter, solved so that this table's 65세 기대여명 is 23.7 years exactly - the 제10회 경험생명표 figure [REG-R33], which runs 4.2 years above the public 완전생명표 [REG-R38]. acc_mort_rate is [std], the [S6] 40-60 log-slope extended"
M,83,0.03999788,0.00136581,"[std] the same Makeham fit to the [S12] anchors, tilted above age 60 by k^(x-60) with k = 1.00988626 (male), the one free parameter, solved so that this table's 65세 기대여명 is 23.7 years exactly - the 제10회 경험생명표 figure [REG-R33], which runs 4.2 years above the public 완전생명표 [REG-R38]. acc_mort_rate is [std], the [S6] 40-60 log-slope extended"
M,84,0.04461681,0.00144821,"[std] the same Makeham fit to the [S12] anchors, tilted above age 60 by k^(x-60) with k = 1.00988626 (male), the one free parameter, solved so that this table's 65세 기대여명 is 23.7 years exactly - the 제10회 경험생명표 figure [REG-R33], which runs 4.2 years above the public 완전생명표 [REG-R38]. acc_mort_rate is [std], the [S6] 40-60 log-slope extended"
M,85,0.04977226,0.00153558,"[std] the same Makeham fit to the [S12] anchors, tilted above age 60 by k^(x-60) with k = 1.00988626 (male), the one free parameter, solved so that this table's 65세 기대여명 is 23.7 years exactly - the 제10회 경험생명표 figure [REG-R33], which runs 4.2 years above the public 완전생명표 [REG-R38]. acc_mort_rate is [std], the [S6] 40-60 log-slope extended"
M,86,0.05552659,0.00162823,"[std] the same Makeham fit to the [S12] anchors, tilted above age 60 by k^(x-60) with k = 1.00988626 (male), the one free parameter, solved so that this table's 65세 기대여명 is 23.7 years exactly - the 제10회 경험생명표 figure [REG-R33], which runs 4.2 years above the public 완전생명표 [REG-R38]. acc_mort_rate is [std], the [S6] 40-60 log-slope extended"
M,87,0.06194938,0.00172646,"[std] the same Makeham fit to the [S12] anchors, tilted above age 60 by k^(x-60) with k = 1.00988626 (male), the one free parameter, solved so that this table's 65세 기대여명 is 23.7 years exactly - the 제10회 경험생명표 figure [REG-R33], which runs 4.2 years above the public 완전생명표 [REG-R38]. acc_mort_rate is [std], the [S6] 40-60 log-slope extended"
M,88,0.06911834,0.00183062,"[std] the same Makeham fit to the [S12] anchors, tilted above age 60 by k^(x-60) with k = 1.00988626 (male), the one free parameter, solved so that this table's 65세 기대여명 is 23.7 years exactly - the 제10회 경험생명표 figure [REG-R33], which runs 4.2 years above the public 완전생명표 [REG-R38]. acc_mort_rate is [std], the [S6] 40-60 log-slope extended"
M,89,0.07712016,0.00194106,"[std] the same Makeham fit to the [S12] anchors, tilted above age 60 by k^(x-60) with k = 1.00988626 (male), the one free parameter, solved so that this table's 65세 기대여명 is 23.7 years exactly - the 제10회 경험생명표 figure [REG-R33], which runs 4.2 years above the public 완전생명표 [REG-R38]. acc_mort_rate is [std], the [S6] 40-60 log-slope extended"
M,90,0.08605166,0.00205817,"[std] the same Makeham fit to the [S12] anchors, tilted above age 60 by k^(x-60) with k = 1.00988626 (male), the one free parameter, solved so that this table's 65세 기대여명 is 23.7 years exactly - the 제10회 경험생명표 figure [REG-R33], which runs 4.2 years above the public 완전생명표 [REG-R38]. acc_mort_rate is [std], the [S6] 40-60 log-slope extended"
M,91,0.09602086,0.00218235,"[std] the same Makeham fit to the [S12] anchors, tilted above age 60 by k^(x-60) with k = 1.00988626 (male), the one free parameter, solved so that this table's 65세 기대여명 is 23.7 years exactly - the 제10회 경험생명표 figure [REG-R33], which runs 4.2 years above the public 완전생명표 [REG-R38]. acc_mort_rate is [std], the [S6] 40-60 log-slope extended"
M,92,0.10714837,0.00231401,"[std] the same Makeham fit to the [S12] anchors, tilted above age 60 by k^(x-60) with k = 1.00988626 (male), the one free parameter, solved so that this table's 65세 기대여명 is 23.7 years exactly - the 제10회 경험생명표 figure [REG-R33], which runs 4.2 years above the public 완전생명표 [REG-R38]. acc_mort_rate is [std], the [S6] 40-60 log-slope extended"
M,93,0.11956881,0.00245362,"[std] the same Makeham fit to the [S12] anchors, tilted above age 60 by k^(x-60) with k = 1.00988626 (male), the one free parameter, solved so that this table's 65세 기대여명 is 23.7 years exactly - the 제10회 경험생명표 figure [REG-R33], which runs 4.2 years above the public 완전생명표 [REG-R38]. acc_mort_rate is [std], the [S6] 40-60 log-slope extended"
M,94,0.13343244,0.00260165,"[std] the same Makeham fit to the [S12] anchors, tilted above age 60 by k^(x-60) with k = 1.00988626 (male), the one free parameter, solved so that this table's 65세 기대여명 is 23.7 years exactly - the 제10회 경험생명표 figure [REG-R33], which runs 4.2 years above the public 완전생명표 [REG-R38]. acc_mort_rate is [std], the [S6] 40-60 log-slope extended"
M,95,0.14890697,0.00275861,"[std] the same Makeham fit to the [S12] anchors, tilted above age 60 by k^(x-60) with k = 1.00988626 (male), the one free parameter, solved so that this table's 65세 기대여명 is 23.7 years exactly - the 제10회 경험생명표 figure [REG-R33], which runs 4.2 years above the public 완전생명표 [REG-R38]. acc_mort_rate is [std], the [S6] 40-60 log-slope extended"
M,96,0.16617964,0.00292505,"[std] the same Makeham fit to the [S12] anchors, tilted above age 60 by k^(x-60) with k = 1.00988626 (male), the one free parameter, solved so that this table's 65세 기대여명 is 23.7 years exactly - the 제10회 경험생명표 figure [REG-R33], which runs 4.2 years above the public 완전생명표 [REG-R38]. acc_mort_rate is [std], the [S6] 40-60 log-slope extended"
M,97,0.18545941,0.00310152,"[std] the same Makeham fit to the [S12] anchors, tilted above age 60 by k^(x-60) with k = 1.00988626 (male), the one free parameter, solved so that this table's 65세 기대여명 is 23.7 years exactly - the 제10회 경험생명표 figure [REG-R33], which runs 4.2 years above the public 완전생명표 [REG-R38]. acc_mort_rate is [std], the [S6] 40-60 log-slope extended"
M,98,0.20697954,0.00328864,"[std] the same Makeham fit to the [S12] anchors, tilted above age 60 by k^(x-60) with k = 1.00988626 (male), the one free parameter, solved so that this table's 65세 기대여명 is 23.7 years exactly - the 제10회 경험생명표 figure [REG-R33], which runs 4.2 years above the public 완전생명표 [REG-R38]. acc_mort_rate is [std], the [S6] 40-60 log-slope extended"
M,99,0.23100042,0.00348705,"[std] the same Makeham fit to the [S12] anchors, tilted above age 60 by k^(x-60) with k = 1.00988626 (male), the one free parameter, solved so that this table's 65세 기대여명 is 23.7 years exactly - the 제10회 경험생명표 figure [REG-R33], which runs 4.2 years above the public 완전생명표 [REG-R38]. acc_mort_rate is [std], the [S6] 40-60 log-slope extended"
M,100,0.25781267,0.00369743,"[std] the same Makeham fit to the [S12] anchors, tilted above age 60 by k^(x-60) with k = 1.00988626 (male), the one free parameter, solved so that this table's 65세 기대여명 is 23.7 years exactly - the 제10회 경험생명표 figure [REG-R33], which runs 4.2 years above the public 완전생명표 [REG-R38]. acc_mort_rate is [std], the [S6] 40-60 log-slope extended"
M,101,0.28774070,0.00392050,"[std] the same Makeham fit to the [S12] anchors, tilted above age 60 by k^(x-60) with k = 1.00988626 (male), the one free parameter, solved so that this table's 65세 기대여명 is 23.7 years exactly - the 제10회 경험생명표 figure [REG-R33], which runs 4.2 years above the public 완전생명표 [REG-R38]. acc_mort_rate is [std], the [S6] 40-60 log-slope extended"
M,102,0.32114663,0.00415703,"[std] the same Makeham fit to the [S12] anchors, tilted above age 60 by k^(x-60) with k = 1.00988626 (male), the one free parameter, solved so that this table's 65세 기대여명 is 23.7 years exactly - the 제10회 경험생명표 figure [REG-R33], which runs 4.2 years above the public 완전생명표 [REG-R38]. acc_mort_rate is [std], the [S6] 40-60 log-slope extended"
M,103,0.35843466,0.00440783,"[std] the same Makeham fit to the [S12] anchors, tilted above age 60 by k^(x-60) with k = 1.00988626 (male), the one free parameter, solved so that this table's 65세 기대여명 is 23.7 years exactly - the 제10회 경험생명표 figure [REG-R33], which runs 4.2 years above the public 완전생명표 [REG-R38]. acc_mort_rate is [std], the [S6] 40-60 log-slope extended"
M,104,0.40005596,0.00467376,"[std] the same Makeham fit to the [S12] anchors, tilted above age 60 by k^(x-60) with k = 1.00988626 (male), the one free parameter, solved so that this table's 65세 기대여명 is 23.7 years exactly - the 제10회 경험생명표 figure [REG-R33], which runs 4.2 years above the public 완전생명표 [REG-R38]. acc_mort_rate is [std], the [S6] 40-60 log-slope extended"
M,105,0.44651414,0.00495574,"[std] the same Makeham fit to the [S12] anchors, tilted above age 60 by k^(x-60) with k = 1.00988626 (male), the one free parameter, solved so that this table's 65세 기대여명 is 23.7 years exactly - the 제10회 경험생명표 figure [REG-R33], which runs 4.2 years above the public 완전생명표 [REG-R38]. acc_mort_rate is [std], the [S6] 40-60 log-slope extended"
M,106,0.49837135,0.00525473,"[std] the same Makeham fit to the [S12] anchors, tilted above age 60 by k^(x-60) with k = 1.00988626 (male), the one free parameter, solved so that this table's 65세 기대여명 is 23.7 years exactly - the 제10회 경험생명표 figure [REG-R33], which runs 4.2 years above the public 완전생명표 [REG-R38]. acc_mort_rate is [std], the [S6] 40-60 log-slope extended"
M,107,0.55625505,0.00557176,"[std] the same Makeham fit to the [S12] anchors, tilted above age 60 by k^(x-60) with k = 1.00988626 (male), the one free parameter, solved so that this table's 65세 기대여명 is 23.7 years exactly - the 제10회 경험생명표 figure [REG-R33], which runs 4.2 years above the public 완전생명표 [REG-R38]. acc_mort_rate is [std], the [S6] 40-60 log-slope extended"
M,108,0.62086564,0.00590791,"[std] the same Makeham fit to the [S12] anchors, tilted above age 60 by k^(x-60) with k = 1.00988626 (male), the one free parameter, solved so that this table's 65세 기대여명 is 23.7 years exactly - the 제10회 경험생명표 figure [REG-R33], which runs 4.2 years above the public 완전생명표 [REG-R38]. acc_mort_rate is [std], the [S6] 40-60 log-slope extended"
M,109,0.69298492,0.00626435,"[std] the same Makeham fit to the [S12] anchors, tilted above age 60 by k^(x-60) with k = 1.00988626 (male), the one free parameter, solved so that this table's 65세 기대여명 is 23.7 years exactly - the 제10회 경험생명표 figure [REG-R33], which runs 4.2 years above the public 완전생명표 [REG-R38]. acc_mort_rate is [std], the [S6] 40-60 log-slope extended"
M,110,0.77348555,0.00664229,"[std] the same Makeham fit to the [S12] anchors, tilted above age 60 by k^(x-60) with k = 1.00988626 (male), the one free parameter, solved so that this table's 65세 기대여명 is 23.7 years exactly - the 제10회 경험생명표 figure [REG-R33], which runs 4.2 years above the public 완전생명표 [REG-R38]. acc_mort_rate is [std], the [S6] 40-60 log-slope extended"
M,111,0.86334160,0.00704303,"[std] the same Makeham fit to the [S12] anchors, tilted above age 60 by k^(x-60) with k = 1.00988626 (male), the one free parameter, solved so that this table's 65세 기대여명 is 23.7 years exactly - the 제10회 경험생명표 figure [REG-R33], which runs 4.2 years above the public 완전생명표 [REG-R38]. acc_mort_rate is [std], the [S6] 40-60 log-slope extended"
M,112,0.96364037,0.00746794,"[std] the same Makeham fit to the [S12] anchors, tilted above age 60 by k^(x-60) with k = 1.00988626 (male), the one free parameter, solved so that this table's 65세 기대여명 is 23.7 years exactly - the 제10회 경험생명표 figure [REG-R33], which runs 4.2 years above the public 완전생명표 [REG-R38]. acc_mort_rate is [std], the [S6] 40-60 log-slope extended"
M,113,1.00000000,0.00791850,"[std] the same Makeham fit to the [S12] anchors, tilted above age 60 by k^(x-60) with k = 1.00988626 (male), the one free parameter, solved so that this table's 65세 기대여명 is 23.7 years exactly - the 제10회 경험생명표 figure [REG-R33], which runs 4.2 years above the public 완전생명표 [REG-R38]. acc_mort_rate is [std], the [S6] 40-60 log-slope extended"
M,114,1.00000000,0.00839624,"[std] the same Makeham fit to the [S12] anchors, tilted above age 60 by k^(x-60) with k = 1.00988626 (male), the one free parameter, solved so that this table's 65세 기대여명 is 23.7 years exactly - the 제10회 경험생명표 figure [REG-R33], which runs 4.2 years above the public 완전생명표 [REG-R38]. acc_mort_rate is [std], the [S6] 40-60 log-slope extended"
M,115,1.00000000,0.00890280,"[std] the same Makeham fit to the [S12] anchors, tilted above age 60 by k^(x-60) with k = 1.00988626 (male), the one free parameter, solved so that this table's 65세 기대여명 is 23.7 years exactly - the 제10회 경험생명표 figure [REG-R33], which runs 4.2 years above the public 완전생명표 [REG-R38]. acc_mort_rate is [std], the [S6] 40-60 log-slope extended"
M,116,1.00000000,0.00943992,"[std] the same Makeham fit to the [S12] anchors, tilted above age 60 by k^(x-60) with k = 1.00988626 (male), the one free parameter, solved so that this table's 65세 기대여명 is 23.7 years exactly - the 제10회 경험생명표 figure [REG-R33], which runs 4.2 years above the public 완전생명표 [REG-R38]. acc_mort_rate is [std], the [S6] 40-60 log-slope extended"
M,117,1.00000000,0.01000945,"[std] the same Makeham fit to the [S12] anchors, tilted above age 60 by k^(x-60) with k = 1.00988626 (male), the one free parameter, solved so that this table's 65세 기대여명 is 23.7 years exactly - the 제10회 경험생명표 figure [REG-R33], which runs 4.2 years above the public 완전생명표 [REG-R38]. acc_mort_rate is [std], the [S6] 40-60 log-slope extended"
M,118,1.00000000,0.01061333,"[std] the same Makeham fit to the [S12] anchors, tilted above age 60 by k^(x-60) with k = 1.00988626 (male), the one free parameter, solved so that this table's 65세 기대여명 is 23.7 years exactly - the 제10회 경험생명표 figure [REG-R33], which runs 4.2 years above the public 완전생명표 [REG-R38]. acc_mort_rate is [std], the [S6] 40-60 log-slope extended"
M,119,1.00000000,0.01125365,"[std] the same Makeham fit to the [S12] anchors, tilted above age 60 by k^(x-60) with k = 1.00988626 (male), the one free parameter, solved so that this table's 65세 기대여명 is 23.7 years exactly - the 제10회 경험생명표 figure [REG-R33], which runs 4.2 years above the public 완전생명표 [REG-R38]. acc_mort_rate is [std], the [S6] 40-60 log-slope extended"
M,120,1.00000000,0.01193261,"[std] the same Makeham fit to the [S12] anchors, tilted above age 60 by k^(x-60) with k = 1.00988626 (male), the one free parameter, solved so that this table's 65세 기대여명 is 23.7 years exactly - the 제10회 경험생명표 figure [REG-R33], which runs 4.2 years above the public 완전생명표 [REG-R38]. acc_mort_rate is [std], the [S6] 40-60 log-slope extended"
F,19,0.00019500,0.00004238,"[std] Makeham q(x) = A + B c^x fitted exactly to the three [S12] anchors at ages 20/40/60 (female): A = 0.0001275342466, B = 1.736158676e-05, c = 1.0740566. acc_mort_rate is [std] log-linear in ln q between the [S6] anchors"
F,20,0.00020000,0.00004200,"[S12] ANCHOR row: q(20) = 0.000200 is the disclosed 예정 경험사망률 (female) 교보라이프플래닛 상품요약서 prints at ages 20/40/60; the file as a whole is a [std] construction, the 제10회 경험생명표 not being published [REG-R33] [REG-R34]. acc_mort_rate is [S6] 예정 재해사망률, 흥국생명, same three ages"
F,21,0.00020537,0.00004162,"[std] Makeham q(x) = A + B c^x fitted exactly to the three [S12] anchors at ages 20/40/60 (female): A = 0.0001275342466, B = 1.736158676e-05, c = 1.0740566. acc_mort_rate is [std] log-linear in ln q between the [S6] anchors"
F,22,0.00021113,0.00004124,"[std] Makeham q(x) = A + B c^x fitted exactly to the three [S12] anchors at ages 20/40/60 (female): A = 0.0001275342466, B = 1.736158676e-05, c = 1.0740566. acc_mort_rate is [std] log-linear in ln q between the [S6] anchors"
F,23,0.00021732,0.00004087,"[std] Makeham q(x) = A + B c^x fitted exactly to the three [S12] anchors at ages 20/40/60 (female): A = 0.0001275342466, B = 1.736158676e-05, c = 1.0740566. acc_mort_rate is [std] log-linear in ln q between the [S6] anchors"
F,24,0.00022397,0.00004050,"[std] Makeham q(x) = A + B c^x fitted exactly to the three [S12] anchors at ages 20/40/60 (female): A = 0.0001275342466, B = 1.736158676e-05, c = 1.0740566. acc_mort_rate is [std] log-linear in ln q between the [S6] anchors"
F,25,0.00023111,0.00004013,"[std] Makeham q(x) = A + B c^x fitted exactly to the three [S12] anchors at ages 20/40/60 (female): A = 0.0001275342466, B = 1.736158676e-05, c = 1.0740566. acc_mort_rate is [std] log-linear in ln q between the [S6] anchors"
F,26,0.00023878,0.00003976,"[std] Makeham q(x) = A + B c^x fitted exactly to the three [S12] anchors at ages 20/40/60 (female): A = 0.0001275342466, B = 1.736158676e-05, c = 1.0740566. acc_mort_rate is [std] log-linear in ln q between the [S6] anchors"
F,27,0.00024702,0.00003940,"[std] Makeham q(x) = A + B c^x fitted exactly to the three [S12] anchors at ages 20/40/60 (female): A = 0.0001275342466, B = 1.736158676e-05, c = 1.0740566. acc_mort_rate is [std] log-linear in ln q between the [S6] anchors"
F,28,0.00025587,0.00003905,"[std] Makeham q(x) = A + B c^x fitted exactly to the three [S12] anchors at ages 20/40/60 (female): A = 0.0001275342466, B = 1.736158676e-05, c = 1.0740566. acc_mort_rate is [std] log-linear in ln q between the [S6] anchors"
F,29,0.00026537,0.00003869,"[std] Makeham q(x) = A + B c^x fitted exactly to the three [S12] anchors at ages 20/40/60 (female): A = 0.0001275342466, B = 1.736158676e-05, c = 1.0740566. acc_mort_rate is [std] log-linear in ln q between the [S6] anchors"
F,30,0.00027558,0.00003834,"[std] Makeham q(x) = A + B c^x fitted exactly to the three [S12] anchors at ages 20/40/60 (female): A = 0.0001275342466, B = 1.736158676e-05, c = 1.0740566. acc_mort_rate is [std] log-linear in ln q between the [S6] anchors"
F,31,0.00028655,0.00003799,"[std] Makeham q(x) = A + B c^x fitted exactly to the three [S12] anchors at ages 20/40/60 (female): A = 0.0001275342466, B = 1.736158676e-05, c = 1.0740566. acc_mort_rate is [std] log-linear in ln q between the [S6] anchors"
F,32,0.00029832,0.00003765,"[std] Makeham q(x) = A + B c^x fitted exactly to the three [S12] anchors at ages 20/40/60 (female): A = 0.0001275342466, B = 1.736158676e-05, c = 1.0740566. acc_mort_rate is [std] log-linear in ln q between the [S6] anchors"
F,33,0.00031097,0.00003731,"[std] Makeham q(x) = A + B c^x fitted exactly to the three [S12] anchors at ages 20/40/60 (female): A = 0.0001275342466, B = 1.736158676e-05, c = 1.0740566. acc_mort_rate is [std] log-linear in ln q between the [S6] anchors"
F,34,0.00032456,0.00003697,"[std] Makeham q(x) = A + B c^x fitted exactly to the three [S12] anchors at ages 20/40/60 (female): A = 0.0001275342466, B = 1.736158676e-05, c = 1.0740566. acc_mort_rate is [std] log-linear in ln q between the [S6] anchors"
F,35,0.00033915,0.00003663,"[std] Makeham q(x) = A + B c^x fitted exactly to the three [S12] anchors at ages 20/40/60 (female): A = 0.0001275342466, B = 1.736158676e-05, c = 1.0740566. acc_mort_rate is [std] log-linear in ln q between the [S6] anchors"
F,36,0.00035482,0.00003630,"[std] Makeham q(x) = A + B c^x fitted exactly to the three [S12] anchors at ages 20/40/60 (female): A = 0.0001275342466, B = 1.736158676e-05, c = 1.0740566. acc_mort_rate is [std] log-linear in ln q between the [S6] anchors"
F,37,0.00037165,0.00003597,"[std] Makeham q(x) = A + B c^x fitted exactly to the three [S12] anchors at ages 20/40/60 (female): A = 0.0001275342466, B = 1.736158676e-05, c = 1.0740566. acc_mort_rate is [std] log-linear in ln q between the [S6] anchors"
F,38,0.00038973,0.00003564,"[std] Makeham q(x) = A + B c^x fitted exactly to the three [S12] anchors at ages 20/40/60 (female): A = 0.0001275342466, B = 1.736158676e-05, c = 1.0740566. acc_mort_rate is [std] log-linear in ln q between the [S6] anchors"
F,39,0.00040914,0.00003532,"[std] Makeham q(x) = A + B c^x fitted exactly to the three [S12] anchors at ages 20/40/60 (female): A = 0.0001275342466, B = 1.736158676e-05, c = 1.0740566. acc_mort_rate is [std] log-linear in ln q between the [S6] anchors"
F,40,0.00043000,0.00003500,"[S12] ANCHOR row: q(40) = 0.000430 is the disclosed 예정 경험사망률 (female) 교보라이프플래닛 상품요약서 prints at ages 20/40/60; the file as a whole is a [std] construction, the 제10회 경험생명표 not being published [REG-R33] [REG-R34]. acc_mort_rate is [S6] 예정 재해사망률, 흥국생명, same three ages"
F,41,0.00045240,0.00003661,"[std] Makeham q(x) = A + B c^x fitted exactly to the three [S12] anchors at ages 20/40/60 (female): A = 0.0001275342466, B = 1.736158676e-05, c = 1.0740566. acc_mort_rate is [std] log-linear in ln q between the [S6] anchors"
F,42,0.00047646,0.00003829,"[std] Makeham q(x) = A + B c^x fitted exactly to the three [S12] anchors at ages 20/40/60 (female): A = 0.0001275342466, B = 1.736158676e-05, c = 1.0740566. acc_mort_rate is [std] log-linear in ln q between the [S6] anchors"
F,43,0.00050230,0.00004005,"[std] Makeham q(x) = A + B c^x fitted exactly to the three [S12] anchors at ages 20/40/60 (female): A = 0.0001275342466, B = 1.736158676e-05, c = 1.0740566. acc_mort_rate is [std] log-linear in ln q between the [S6] anchors"
F,44,0.00053005,0.00004189,"[std] Makeham q(x) = A + B c^x fitted exactly to the three [S12] anchors at ages 20/40/60 (female): A = 0.0001275342466, B = 1.736158676e-05, c = 1.0740566. acc_mort_rate is [std] log-linear in ln q between the [S6] anchors"
F,45,0.00055986,0.00004382,"[std] Makeham q(x) = A + B c^x fitted exactly to the three [S12] anchors at ages 20/40/60 (female): A = 0.0001275342466, B = 1.736158676e-05, c = 1.0740566. acc_mort_rate is [std] log-linear in ln q between the [S6] anchors"
F,46,0.00059188,0.00004583,"[std] Makeham q(x) = A + B c^x fitted exactly to the three [S12] anchors at ages 20/40/60 (female): A = 0.0001275342466, B = 1.736158676e-05, c = 1.0740566. acc_mort_rate is [std] log-linear in ln q between the [S6] anchors"
F,47,0.00062627,0.00004794,"[std] Makeham q(x) = A + B c^x fitted exactly to the three [S12] anchors at ages 20/40/60 (female): A = 0.0001275342466, B = 1.736158676e-05, c = 1.0740566. acc_mort_rate is [std] log-linear in ln q between the [S6] anchors"
F,48,0.00066320,0.00005015,"[std] Makeham q(x) = A + B c^x fitted exactly to the three [S12] anchors at ages 20/40/60 (female): A = 0.0001275342466, B = 1.736158676e-05, c = 1.0740566. acc_mort_rate is [std] log-linear in ln q between the [S6] anchors"
F,49,0.00070287,0.00005245,"[std] Makeham q(x) = A + B c^x fitted exactly to the three [S12] anchors at ages 20/40/60 (female): A = 0.0001275342466, B = 1.736158676e-05, c = 1.0740566. acc_mort_rate is [std] log-linear in ln q between the [S6] anchors"
F,50,0.00074548,0.00005486,"[std] Makeham q(x) = A + B c^x fitted exactly to the three [S12] anchors at ages 20/40/60 (female): A = 0.0001275342466, B = 1.736158676e-05, c = 1.0740566. acc_mort_rate is [std] log-linear in ln q between the [S6] anchors"
F,51,0.00079124,0.00005739,"[std] Makeham q(x) = A + B c^x fitted exactly to the three [S12] anchors at ages 20/40/60 (female): A = 0.0001275342466, B = 1.736158676e-05, c = 1.0740566. acc_mort_rate is [std] log-linear in ln q between the [S6] anchors"
F,52,0.00084039,0.00006002,"[std] Makeham q(x) = A + B c^x fitted exactly to the three [S12] anchors at ages 20/40/60 (female): A = 0.0001275342466, B = 1.736158676e-05, c = 1.0740566. acc_mort_rate is [std] log-linear in ln q between the [S6] anchors"
F,53,0.00089318,0.00006278,"[std] Makeham q(x) = A + B c^x fitted exactly to the three [S12] anchors at ages 20/40/60 (female): A = 0.0001275342466, B = 1.736158676e-05, c = 1.0740566. acc_mort_rate is [std] log-linear in ln q between the [S6] anchors"
F,54,0.00094988,0.00006567,"[std] Makeham q(x) = A + B c^x fitted exactly to the three [S12] anchors at ages 20/40/60 (female): A = 0.0001275342466, B = 1.736158676e-05, c = 1.0740566. acc_mort_rate is [std] log-linear in ln q between the [S6] anchors"
F,55,0.00101078,0.00006869,"[std] Makeham q(x) = A + B c^x fitted exactly to the three [S12] anchors at ages 20/40/60 (female): A = 0.0001275342466, B = 1.736158676e-05, c = 1.0740566. acc_mort_rate is [std] log-linear in ln q between the [S6] anchors"
F,56,0.00107619,0.00007185,"[std] Makeham q(x) = A + B c^x fitted exactly to the three [S12] anchors at ages 20/40/60 (female): A = 0.0001275342466, B = 1.736158676e-05, c = 1.0740566. acc_mort_rate is [std] log-linear in ln q between the [S6] anchors"
F,57,0.00114645,0.00007515,"[std] Makeham q(x) = A + B c^x fitted exactly to the three [S12] anchors at ages 20/40/60 (female): A = 0.0001275342466, B = 1.736158676e-05, c = 1.0740566. acc_mort_rate is [std] log-linear in ln q between the [S6] anchors"
F,58,0.00122191,0.00007861,"[std] Makeham q(x) = A + B c^x fitted exactly to the three [S12] anchors at ages 20/40/60 (female): A = 0.0001275342466, B = 1.736158676e-05, c = 1.0740566. acc_mort_rate is [std] log-linear in ln q between the [S6] anchors"
F,59,0.00130295,0.00008222,"[std] Makeham q(x) = A + B c^x fitted exactly to the three [S12] anchors at ages 20/40/60 (female): A = 0.0001275342466, B = 1.736158676e-05, c = 1.0740566. acc_mort_rate is [std] log-linear in ln q between the [S6] anchors"
F,60,0.00139000,0.00008600,"[S12] ANCHOR row: q(60) = 0.001390 is the disclosed 예정 경험사망률 (female) 교보라이프플래닛 상품요약서 prints at ages 20/40/60; the file as a whole is a [std] construction, the 제10회 경험생명표 not being published [REG-R33] [REG-R34]. acc_mort_rate is [S6] 예정 재해사망률, 흥국생명, same three ages"
F,61,0.00157144,0.00008995,"[std] the same Makeham fit to the [S12] anchors, tilted above age 60 by k^(x-60) with k = 1.05928477 (female), the one free parameter, solved so that this table's 65세 기대여명 is 27.1 years exactly - the 제10회 경험생명표 figure [REG-R33], which runs 3.4 years above the public 완전생명표 [REG-R38]. acc_mort_rate is [std], the [S6] 40-60 log-slope extended"
F,62,0.00177728,0.00009409,"[std] the same Makeham fit to the [S12] anchors, tilted above age 60 by k^(x-60) with k = 1.05928477 (female), the one free parameter, solved so that this table's 65세 기대여명 is 27.1 years exactly - the 제10회 경험생명표 figure [REG-R33], which runs 3.4 years above the public 완전생명표 [REG-R38]. acc_mort_rate is [std], the [S6] 40-60 log-slope extended"
F,63,0.00201084,0.00009842,"[std] the same Makeham fit to the [S12] anchors, tilted above age 60 by k^(x-60) with k = 1.05928477 (female), the one free parameter, solved so that this table's 65세 기대여명 is 27.1 years exactly - the 제10회 경험생명표 figure [REG-R33], which runs 3.4 years above the public 완전생명표 [REG-R38]. acc_mort_rate is [std], the [S6] 40-60 log-slope extended"
F,64,0.00227591,0.00010294,"[std] the same Makeham fit to the [S12] anchors, tilted above age 60 by k^(x-60) with k = 1.05928477 (female), the one free parameter, solved so that this table's 65세 기대여명 is 27.1 years exactly - the 제10회 경험생명표 figure [REG-R33], which runs 3.4 years above the public 완전생명표 [REG-R38]. acc_mort_rate is [std], the [S6] 40-60 log-slope extended"
F,65,0.00257678,0.00010767,"[std] the same Makeham fit to the [S12] anchors, tilted above age 60 by k^(x-60) with k = 1.05928477 (female), the one free parameter, solved so that this table's 65세 기대여명 is 27.1 years exactly - the 제10회 경험생명표 figure [REG-R33], which runs 3.4 years above the public 완전생명표 [REG-R38]. acc_mort_rate is [std], the [S6] 40-60 log-slope extended"
F,66,0.00291834,0.00011262,"[std] the same Makeham fit to the [S12] anchors, tilted above age 60 by k^(x-60) with k = 1.05928477 (female), the one free parameter, solved so that this table's 65세 기대여명 is 27.1 years exactly - the 제10회 경험생명표 figure [REG-R33], which runs 3.4 years above the public 완전생명표 [REG-R38]. acc_mort_rate is [std], the [S6] 40-60 log-slope extended"
F,67,0.00330615,0.00011780,"[std] the same Makeham fit to the [S12] anchors, tilted above age 60 by k^(x-60) with k = 1.05928477 (female), the one free parameter, solved so that this table's 65세 기대여명 is 27.1 years exactly - the 제10회 경험생명표 figure [REG-R33], which runs 3.4 years above the public 완전생명표 [REG-R38]. acc_mort_rate is [std], the [S6] 40-60 log-slope extended"
F,68,0.00374654,0.00012322,"[std] the same Makeham fit to the [S12] anchors, tilted above age 60 by k^(x-60) with k = 1.05928477 (female), the one free parameter, solved so that this table's 65세 기대여명 is 27.1 years exactly - the 제10회 경험생명표 figure [REG-R33], which runs 3.4 years above the public 완전생명표 [REG-R38]. acc_mort_rate is [std], the [S6] 40-60 log-slope extended"
F,69,0.00424670,0.00012888,"[std] the same Makeham fit to the [S12] anchors, tilted above age 60 by k^(x-60) with k = 1.05928477 (female), the one free parameter, solved so that this table's 65세 기대여명 is 27.1 years exactly - the 제10회 경험생명표 figure [REG-R33], which runs 3.4 years above the public 완전생명표 [REG-R38]. acc_mort_rate is [std], the [S6] 40-60 log-slope extended"
F,70,0.00481481,0.00013481,"[std] the same Makeham fit to the [S12] anchors, tilted above age 60 by k^(x-60) with k = 1.05928477 (female), the one free parameter, solved so that this table's 65세 기대여명 is 27.1 years exactly - the 제10회 경험생명표 figure [REG-R33], which runs 3.4 years above the public 완전생명표 [REG-R38]. acc_mort_rate is [std], the [S6] 40-60 log-slope extended"
F,71,0.00546016,0.00014101,"[std] the same Makeham fit to the [S12] anchors, tilted above age 60 by k^(x-60) with k = 1.05928477 (female), the one free parameter, solved so that this table's 65세 기대여명 is 27.1 years exactly - the 제10회 경험생명표 figure [REG-R33], which runs 3.4 years above the public 완전생명표 [REG-R38]. acc_mort_rate is [std], the [S6] 40-60 log-slope extended"
F,72,0.00619335,0.00014749,"[std] the same Makeham fit to the [S12] anchors, tilted above age 60 by k^(x-60) with k = 1.05928477 (female), the one free parameter, solved so that this table's 65세 기대여명 is 27.1 years exactly - the 제10회 경험생명표 figure [REG-R33], which runs 3.4 years above the public 완전생명표 [REG-R38]. acc_mort_rate is [std], the [S6] 40-60 log-slope extended"
F,73,0.00702640,0.00015427,"[std] the same Makeham fit to the [S12] anchors, tilted above age 60 by k^(x-60) with k = 1.05928477 (female), the one free parameter, solved so that this table's 65세 기대여명 is 27.1 years exactly - the 제10회 경험생명표 figure [REG-R33], which runs 3.4 years above the public 완전생명표 [REG-R38]. acc_mort_rate is [std], the [S6] 40-60 log-slope extended"
F,74,0.00797301,0.00016136,"[std] the same Makeham fit to the [S12] anchors, tilted above age 60 by k^(x-60) with k = 1.05928477 (female), the one free parameter, solved so that this table's 65세 기대여명 is 27.1 years exactly - the 제10회 경험생명표 figure [REG-R33], which runs 3.4 years above the public 완전생명표 [REG-R38]. acc_mort_rate is [std], the [S6] 40-60 log-slope extended"
F,75,0.00904874,0.00016878,"[std] the same Makeham fit to the [S12] anchors, tilted above age 60 by k^(x-60) with k = 1.05928477 (female), the one free parameter, solved so that this table's 65세 기대여명 is 27.1 years exactly - the 제10회 경험생명표 figure [REG-R33], which runs 3.4 years above the public 완전생명표 [REG-R38]. acc_mort_rate is [std], the [S6] 40-60 log-slope extended"
F,76,0.01027130,0.00017654,"[std] the same Makeham fit to the [S12] anchors, tilted above age 60 by k^(x-60) with k = 1.05928477 (female), the one free parameter, solved so that this table's 65세 기대여명 is 27.1 years exactly - the 제10회 경험생명표 figure [REG-R33], which runs 3.4 years above the public 완전생명표 [REG-R38]. acc_mort_rate is [std], the [S6] 40-60 log-slope extended"
F,77,0.01166084,0.00018466,"[std] the same Makeham fit to the [S12] anchors, tilted above age 60 by k^(x-60) with k = 1.05928477 (female), the one free parameter, solved so that this table's 65세 기대여명 is 27.1 years exactly - the 제10회 경험생명표 figure [REG-R33], which runs 3.4 years above the public 완전생명표 [REG-R38]. acc_mort_rate is [std], the [S6] 40-60 log-slope extended"
F,78,0.01324028,0.00019315,"[std] the same Makeham fit to the [S12] anchors, tilted above age 60 by k^(x-60) with k = 1.05928477 (female), the one free parameter, solved so that this table's 65세 기대여명 is 27.1 years exactly - the 제10회 경험생명표 figure [REG-R33], which runs 3.4 years above the public 완전생명표 [REG-R38]. acc_mort_rate is [std], the [S6] 40-60 log-slope extended"
F,79,0.01503568,0.00020203,"[std] the same Makeham fit to the [S12] anchors, tilted above age 60 by k^(x-60) with k = 1.05928477 (female), the one free parameter, solved so that this table's 65세 기대여명 is 27.1 years exactly - the 제10회 경험생명표 figure [REG-R33], which runs 3.4 years above the public 완전생명표 [REG-R38]. acc_mort_rate is [std], the [S6] 40-60 log-slope extended"
F,80,0.01707668,0.00021131,"[std] the same Makeham fit to the [S12] anchors, tilted above age 60 by k^(x-60) with k = 1.05928477 (female), the one free parameter, solved so that this table's 65세 기대여명 is 27.1 years exactly - the 제10회 경험생명표 figure [REG-R33], which runs 3.4 years above the public 완전생명표 [REG-R38]. acc_mort_rate is [std], the [S6] 40-60 log-slope extended"
F,81,0.01939703,0.00022103,"[std] the same Makeham fit to the [S12] anchors, tilted above age 60 by k^(x-60) with k = 1.05928477 (female), the one free parameter, solved so that this table's 65세 기대여명 is 27.1 years exactly - the 제10회 경험생명표 figure [REG-R33], which runs 3.4 years above the public 완전생명표 [REG-R38]. acc_mort_rate is [std], the [S6] 40-60 log-slope extended"
F,82,0.02203508,0.00023119,"[std] the same Makeham fit to the [S12] anchors, tilted above age 60 by k^(x-60) with k = 1.05928477 (female), the one free parameter, solved so that this table's 65세 기대여명 is 27.1 years exactly - the 제10회 경험생명표 figure [REG-R33], which runs 3.4 years above the public 완전생명표 [REG-R38]. acc_mort_rate is [std], the [S6] 40-60 log-slope extended"
F,83,0.02503449,0.00024182,"[std] the same Makeham fit to the [S12] anchors, tilted above age 60 by k^(x-60) with k = 1.05928477 (female), the one free parameter, solved so that this table's 65세 기대여명 is 27.1 years exactly - the 제10회 경험생명표 figure [REG-R33], which runs 3.4 years above the public 완전생명표 [REG-R38]. acc_mort_rate is [std], the [S6] 40-60 log-slope extended"
F,84,0.02844491,0.00025294,"[std] the same Makeham fit to the [S12] anchors, tilted above age 60 by k^(x-60) with k = 1.05928477 (female), the one free parameter, solved so that this table's 65세 기대여명 is 27.1 years exactly - the 제10회 경험생명표 figure [REG-R33], which runs 3.4 years above the public 완전생명표 [REG-R38]. acc_mort_rate is [std], the [S6] 40-60 log-slope extended"
F,85,0.03232282,0.00026457,"[std] the same Makeham fit to the [S12] anchors, tilted above age 60 by k^(x-60) with k = 1.05928477 (female), the one free parameter, solved so that this table's 65세 기대여명 is 27.1 years exactly - the 제10회 경험생명표 figure [REG-R33], which runs 3.4 years above the public 완전생명표 [REG-R38]. acc_mort_rate is [std], the [S6] 40-60 log-slope extended"
F,86,0.03673248,0.00027673,"[std] the same Makeham fit to the [S12] anchors, tilted above age 60 by k^(x-60) with k = 1.05928477 (female), the one free parameter, solved so that this table's 65세 기대여명 is 27.1 years exactly - the 제10회 경험생명표 figure [REG-R33], which runs 3.4 years above the public 완전생명표 [REG-R38]. acc_mort_rate is [std], the [S6] 40-60 log-slope extended"
F,87,0.04174699,0.00028945,"[std] the same Makeham fit to the [S12] anchors, tilted above age 60 by k^(x-60) with k = 1.05928477 (female), the one free parameter, solved so that this table's 65세 기대여명 is 27.1 years exactly - the 제10회 경험생명표 figure [REG-R33], which runs 3.4 years above the public 완전생명표 [REG-R38]. acc_mort_rate is [std], the [S6] 40-60 log-slope extended"
F,88,0.04744951,0.00030276,"[std] the same Makeham fit to the [S12] anchors, tilted above age 60 by k^(x-60) with k = 1.05928477 (female), the one free parameter, solved so that this table's 65세 기대여명 is 27.1 years exactly - the 제10회 경험생명표 figure [REG-R33], which runs 3.4 years above the public 완전생명표 [REG-R38]. acc_mort_rate is [std], the [S6] 40-60 log-slope extended"
F,89,0.05393463,0.00031668,"[std] the same Makeham fit to the [S12] anchors, tilted above age 60 by k^(x-60) with k = 1.05928477 (female), the one free parameter, solved so that this table's 65세 기대여명 is 27.1 years exactly - the 제10회 경험생명표 figure [REG-R33], which runs 3.4 years above the public 완전생명표 [REG-R38]. acc_mort_rate is [std], the [S6] 40-60 log-slope extended"
F,90,0.06130998,0.00033124,"[std] the same Makeham fit to the [S12] anchors, tilted above age 60 by k^(x-60) with k = 1.05928477 (female), the one free parameter, solved so that this table's 65세 기대여명 is 27.1 years exactly - the 제10회 경험생명표 figure [REG-R33], which runs 3.4 years above the public 완전생명표 [REG-R38]. acc_mort_rate is [std], the [S6] 40-60 log-slope extended"
F,91,0.06969801,0.00034647,"[std] the same Makeham fit to the [S12] anchors, tilted above age 60 by k^(x-60) with k = 1.05928477 (female), the one free parameter, solved so that this table's 65세 기대여명 is 27.1 years exactly - the 제10회 경험생명표 figure [REG-R33], which runs 3.4 years above the public 완전생명표 [REG-R38]. acc_mort_rate is [std], the [S6] 40-60 log-slope extended"
F,92,0.07923799,0.00036240,"[std] the same Makeham fit to the [S12] anchors, tilted above age 60 by k^(x-60) with k = 1.05928477 (female), the one free parameter, solved so that this table's 65세 기대여명 is 27.1 years exactly - the 제10회 경험생명표 figure [REG-R33], which runs 3.4 years above the public 완전생명표 [REG-R38]. acc_mort_rate is [std], the [S6] 40-60 log-slope extended"
F,93,0.09008840,0.00037906,"[std] the same Makeham fit to the [S12] anchors, tilted above age 60 by k^(x-60) with k = 1.05928477 (female), the one free parameter, solved so that this table's 65세 기대여명 is 27.1 years exactly - the 제10회 경험생명표 figure [REG-R33], which runs 3.4 years above the public 완전생명표 [REG-R38]. acc_mort_rate is [std], the [S6] 40-60 log-slope extended"
F,94,0.10242950,0.00039649,"[std] the same Makeham fit to the [S12] anchors, tilted above age 60 by k^(x-60) with k = 1.05928477 (female), the one free parameter, solved so that this table's 65세 기대여명 is 27.1 years exactly - the 제10회 경험생명표 figure [REG-R33], which runs 3.4 years above the public 완전생명표 [REG-R38]. acc_mort_rate is [std], the [S6] 40-60 log-slope extended"
F,95,0.11646641,0.00041472,"[std] the same Makeham fit to the [S12] anchors, tilted above age 60 by k^(x-60) with k = 1.05928477 (female), the one free parameter, solved so that this table's 65세 기대여명 is 27.1 years exactly - the 제10회 경험생명표 figure [REG-R33], which runs 3.4 years above the public 완전생명표 [REG-R38]. acc_mort_rate is [std], the [S6] 40-60 log-slope extended"
F,96,0.13243243,0.00043378,"[std] the same Makeham fit to the [S12] anchors, tilted above age 60 by k^(x-60) with k = 1.05928477 (female), the one free parameter, solved so that this table's 65세 기대여명 is 27.1 years exactly - the 제10회 경험생명표 figure [REG-R33], which runs 3.4 years above the public 완전생명표 [REG-R38]. acc_mort_rate is [std], the [S6] 40-60 log-slope extended"
F,97,0.15059304,0.00045373,"[std] the same Makeham fit to the [S12] anchors, tilted above age 60 by k^(x-60) with k = 1.05928477 (female), the one free parameter, solved so that this table's 65세 기대여명 is 27.1 years exactly - the 제10회 경험생명표 figure [REG-R33], which runs 3.4 years above the public 완전생명표 [REG-R38]. acc_mort_rate is [std], the [S6] 40-60 log-slope extended"
F,98,0.17125022,0.00047459,"[std] the same Makeham fit to the [S12] anchors, tilted above age 60 by k^(x-60) with k = 1.05928477 (female), the one free parameter, solved so that this table's 65세 기대여명 is 27.1 years exactly - the 제10회 경험생명표 figure [REG-R33], which runs 3.4 years above the public 완전생명표 [REG-R38]. acc_mort_rate is [std], the [S6] 40-60 log-slope extended"
F,99,0.19474755,0.00049641,"[std] the same Makeham fit to the [S12] anchors, tilted above age 60 by k^(x-60) with k = 1.05928477 (female), the one free parameter, solved so that this table's 65세 기대여명 is 27.1 years exactly - the 제10회 경험생명표 figure [REG-R33], which runs 3.4 years above the public 완전생명표 [REG-R38]. acc_mort_rate is [std], the [S6] 40-60 log-slope extended"
F,100,0.22147593,0.00051923,"[std] the same Makeham fit to the [S12] anchors, tilted above age 60 by k^(x-60) with k = 1.05928477 (female), the one free parameter, solved so that this table's 65세 기대여명 is 27.1 years exactly - the 제10회 경험생명표 figure [REG-R33], which runs 3.4 years above the public 완전생명표 [REG-R38]. acc_mort_rate is [std], the [S6] 40-60 log-slope extended"
F,101,0.25188004,0.00054310,"[std] the same Makeham fit to the [S12] anchors, tilted above age 60 by k^(x-60) with k = 1.05928477 (female), the one free parameter, solved so that this table's 65세 기대여명 is 27.1 years exactly - the 제10회 경험생명표 figure [REG-R33], which runs 3.4 years above the public 완전생명표 [REG-R38]. acc_mort_rate is [std], the [S6] 40-60 log-slope extended"
F,102,0.28646583,0.00056807,"[std] the same Makeham fit to the [S12] anchors, tilted above age 60 by k^(x-60) with k = 1.05928477 (female), the one free parameter, solved so that this table's 65세 기대여명 is 27.1 years exactly - the 제10회 경험생명표 figure [REG-R33], which runs 3.4 years above the public 완전생명표 [REG-R38]. acc_mort_rate is [std], the [S6] 40-60 log-slope extended"
F,103,0.32580889,0.00059419,"[std] the same Makeham fit to the [S12] anchors, tilted above age 60 by k^(x-60) with k = 1.05928477 (female), the one free parameter, solved so that this table's 65세 기대여명 is 27.1 years exactly - the 제10회 경험생명표 figure [REG-R33], which runs 3.4 years above the public 완전생명표 [REG-R38]. acc_mort_rate is [std], the [S6] 40-60 log-slope extended"
F,104,0.37056408,0.00062151,"[std] the same Makeham fit to the [S12] anchors, tilted above age 60 by k^(x-60) with k = 1.05928477 (female), the one free parameter, solved so that this table's 65세 기대여명 is 27.1 years exactly - the 제10회 경험생명표 figure [REG-R33], which runs 3.4 years above the public 완전생명표 [REG-R38]. acc_mort_rate is [std], the [S6] 40-60 log-slope extended"
F,105,0.42147643,0.00065008,"[std] the same Makeham fit to the [S12] anchors, tilted above age 60 by k^(x-60) with k = 1.05928477 (female), the one free parameter, solved so that this table's 65세 기대여명 is 27.1 years exactly - the 제10회 경험생명표 figure [REG-R33], which runs 3.4 years above the public 완전생명표 [REG-R38]. acc_mort_rate is [std], the [S6] 40-60 log-slope extended"
F,106,0.47939354,0.00067997,"[std] the same Makeham fit to the [S12] anchors, tilted above age 60 by k^(x-60) with k = 1.05928477 (female), the one free parameter, solved so that this table's 65세 기대여명 is 27.1 years exactly - the 제10회 경험생명표 figure [REG-R33], which runs 3.4 years above the public 완전생명표 [REG-R38]. acc_mort_rate is [std], the [S6] 40-60 log-slope extended"
F,107,0.54527977,0.00071123,"[std] the same Makeham fit to the [S12] anchors, tilted above age 60 by k^(x-60) with k = 1.05928477 (female), the one free parameter, solved so that this table's 65세 기대여명 is 27.1 years exactly - the 제10회 경험생명표 figure [REG-R33], which runs 3.4 years above the public 완전생명표 [REG-R38]. acc_mort_rate is [std], the [S6] 40-60 log-slope extended"
F,108,0.62023223,0.00074393,"[std] the same Makeham fit to the [S12] anchors, tilted above age 60 by k^(x-60) with k = 1.05928477 (female), the one free parameter, solved so that this table's 65세 기대여명 is 27.1 years exactly - the 제10회 경험생명표 figure [REG-R33], which runs 3.4 years above the public 완전생명표 [REG-R38]. acc_mort_rate is [std], the [S6] 40-60 log-slope extended"
F,109,0.70549915,0.00077813,"[std] the same Makeham fit to the [S12] anchors, tilted above age 60 by k^(x-60) with k = 1.05928477 (female), the one free parameter, solved so that this table's 65세 기대여명 is 27.1 years exactly - the 제10회 경험생명표 figure [REG-R33], which runs 3.4 years above the public 완전생명표 [REG-R38]. acc_mort_rate is [std], the [S6] 40-60 log-slope extended"
F,110,0.80250062,0.00081391,"[std] the same Makeham fit to the [S12] anchors, tilted above age 60 by k^(x-60) with k = 1.05928477 (female), the one free parameter, solved so that this table's 65세 기대여명 is 27.1 years exactly - the 제10회 경험생명표 figure [REG-R33], which runs 3.4 years above the public 완전생명표 [REG-R38]. acc_mort_rate is [std], the [S6] 40-60 log-slope extended"
F,111,0.91285230,0.00085133,"[std] the same Makeham fit to the [S12] anchors, tilted above age 60 by k^(x-60) with k = 1.05928477 (female), the one free parameter, solved so that this table's 65세 기대여명 is 27.1 years exactly - the 제10회 경험생명표 figure [REG-R33], which runs 3.4 years above the public 완전생명표 [REG-R38]. acc_mort_rate is [std], the [S6] 40-60 log-slope extended"
F,112,1.00000000,0.00089047,"[std] the same Makeham fit to the [S12] anchors, tilted above age 60 by k^(x-60) with k = 1.05928477 (female), the one free parameter, solved so that this table's 65세 기대여명 is 27.1 years exactly - the 제10회 경험생명표 figure [REG-R33], which runs 3.4 years above the public 완전생명표 [REG-R38]. acc_mort_rate is [std], the [S6] 40-60 log-slope extended"
F,113,1.00000000,0.00093141,"[std] the same Makeham fit to the [S12] anchors, tilted above age 60 by k^(x-60) with k = 1.05928477 (female), the one free parameter, solved so that this table's 65세 기대여명 is 27.1 years exactly - the 제10회 경험생명표 figure [REG-R33], which runs 3.4 years above the public 완전생명표 [REG-R38]. acc_mort_rate is [std], the [S6] 40-60 log-slope extended"
F,114,1.00000000,0.00097423,"[std] the same Makeham fit to the [S12] anchors, tilted above age 60 by k^(x-60) with k = 1.05928477 (female), the one free parameter, solved so that this table's 65세 기대여명 is 27.1 years exactly - the 제10회 경험생명표 figure [REG-R33], which runs 3.4 years above the public 완전생명표 [REG-R38]. acc_mort_rate is [std], the [S6] 40-60 log-slope extended"
F,115,1.00000000,0.00101902,"[std] the same Makeham fit to the [S12] anchors, tilted above age 60 by k^(x-60) with k = 1.05928477 (female), the one free parameter, solved so that this table's 65세 기대여명 is 27.1 years exactly - the 제10회 경험생명표 figure [REG-R33], which runs 3.4 years above the public 완전생명표 [REG-R38]. acc_mort_rate is [std], the [S6] 40-60 log-slope extended"
F,116,1.00000000,0.00106587,"[std] the same Makeham fit to the [S12] anchors, tilted above age 60 by k^(x-60) with k = 1.05928477 (female), the one free parameter, solved so that this table's 65세 기대여명 is 27.1 years exactly - the 제10회 경험생명표 figure [REG-R33], which runs 3.4 years above the public 완전생명표 [REG-R38]. acc_mort_rate is [std], the [S6] 40-60 log-slope extended"
F,117,1.00000000,0.00111487,"[std] the same Makeham fit to the [S12] anchors, tilted above age 60 by k^(x-60) with k = 1.05928477 (female), the one free parameter, solved so that this table's 65세 기대여명 is 27.1 years exactly - the 제10회 경험생명표 figure [REG-R33], which runs 3.4 years above the public 완전생명표 [REG-R38]. acc_mort_rate is [std], the [S6] 40-60 log-slope extended"
F,118,1.00000000,0.00116613,"[std] the same Makeham fit to the [S12] anchors, tilted above age 60 by k^(x-60) with k = 1.05928477 (female), the one free parameter, solved so that this table's 65세 기대여명 is 27.1 years exactly - the 제10회 경험생명표 figure [REG-R33], which runs 3.4 years above the public 완전생명표 [REG-R38]. acc_mort_rate is [std], the [S6] 40-60 log-slope extended"
F,119,1.00000000,0.00121974,"[std] the same Makeham fit to the [S12] anchors, tilted above age 60 by k^(x-60) with k = 1.05928477 (female), the one free parameter, solved so that this table's 65세 기대여명 is 27.1 years exactly - the 제10회 경험생명표 figure [REG-R33], which runs 3.4 years above the public 완전생명표 [REG-R38]. acc_mort_rate is [std], the [S6] 40-60 log-slope extended"
F,120,1.00000000,0.00127582,"[std] the same Makeham fit to the [S12] anchors, tilted above age 60 by k^(x-60) with k = 1.05928477 (female), the one free parameter, solved so that this table's 65세 기대여명 is 27.1 years exactly - the 제10회 경험생명표 figure [REG-R33], which runs 3.4 years above the public 완전생명표 [REG-R38]. acc_mort_rate is [std], the [S6] 40-60 log-slope extended"
