sex,age,mort_rate,ann_mort_rate,provenance
M,15,0.0003408954,0.0002727256,"[std] Makeham mu(x) = A + B*c^(x-65) on boheom nai, A = 0.0002, c = 1.10, B = 0.007040013548 (M) / 0.004803209921 (F); ann_mort_rate is the yeongeum saengmyeongpyo proxy fitted to the 65-se gidae yeomyeong of [REG-R33], mort_rate is the samang boheom basis at mu/0.80 [std]. Population cross-check [REG-R38]: implied e(40) 46.4 M / 50.3 F on the annuity basis against 41.9 / 47.4 for the whole population"
M,16,0.0003487579,0.0002790160,"[std] Makeham mu(x) = A + B*c^(x-65) on boheom nai, A = 0.0002, c = 1.10, B = 0.007040013548 (M) / 0.004803209921 (F); ann_mort_rate is the yeongeum saengmyeongpyo proxy fitted to the 65-se gidae yeomyeong of [REG-R33], mort_rate is the samang boheom basis at mu/0.80 [std]. Population cross-check [REG-R38]: implied e(40) 46.4 M / 50.3 F on the annuity basis against 41.9 / 47.4 for the whole population"
M,17,0.0003574065,0.0002859355,"[std] Makeham mu(x) = A + B*c^(x-65) on boheom nai, A = 0.0002, c = 1.10, B = 0.007040013548 (M) / 0.004803209921 (F); ann_mort_rate is the yeongeum saengmyeongpyo proxy fitted to the 65-se gidae yeomyeong of [REG-R33], mort_rate is the samang boheom basis at mu/0.80 [std]. Population cross-check [REG-R38]: implied e(40) 46.4 M / 50.3 F on the annuity basis against 41.9 / 47.4 for the whole population"
M,18,0.0003669200,0.0002935468,"[std] Makeham mu(x) = A + B*c^(x-65) on boheom nai, A = 0.0002, c = 1.10, B = 0.007040013548 (M) / 0.004803209921 (F); ann_mort_rate is the yeongeum saengmyeongpyo proxy fitted to the 65-se gidae yeomyeong of [REG-R33], mort_rate is the samang boheom basis at mu/0.80 [std]. Population cross-check [REG-R38]: implied e(40) 46.4 M / 50.3 F on the annuity basis against 41.9 / 47.4 for the whole population"
M,19,0.0003773847,0.0003019191,"[std] Makeham mu(x) = A + B*c^(x-65) on boheom nai, A = 0.0002, c = 1.10, B = 0.007040013548 (M) / 0.004803209921 (F); ann_mort_rate is the yeongeum saengmyeongpyo proxy fitted to the 65-se gidae yeomyeong of [REG-R33], mort_rate is the samang boheom basis at mu/0.80 [std]. Population cross-check [REG-R38]: implied e(40) 46.4 M / 50.3 F on the annuity basis against 41.9 / 47.4 for the whole population"
M,20,0.0003888957,0.0003111287,"[std] Makeham mu(x) = A + B*c^(x-65) on boheom nai, A = 0.0002, c = 1.10, B = 0.007040013548 (M) / 0.004803209921 (F); ann_mort_rate is the yeongeum saengmyeongpyo proxy fitted to the 65-se gidae yeomyeong of [REG-R33], mort_rate is the samang boheom basis at mu/0.80 [std]. Population cross-check [REG-R38]: implied e(40) 46.4 M / 50.3 F on the annuity basis against 41.9 / 47.4 for the whole population"
M,21,0.0004015577,0.0003212591,"[std] Makeham mu(x) = A + B*c^(x-65) on boheom nai, A = 0.0002, c = 1.10, B = 0.007040013548 (M) / 0.004803209921 (F); ann_mort_rate is the yeongeum saengmyeongpyo proxy fitted to the 65-se gidae yeomyeong of [REG-R33], mort_rate is the samang boheom basis at mu/0.80 [std]. Population cross-check [REG-R38]: implied e(40) 46.4 M / 50.3 F on the annuity basis against 41.9 / 47.4 for the whole population"
M,22,0.0004154857,0.0003324024,"[std] Makeham mu(x) = A + B*c^(x-65) on boheom nai, A = 0.0002, c = 1.10, B = 0.007040013548 (M) / 0.004803209921 (F); ann_mort_rate is the yeongeum saengmyeongpyo proxy fitted to the 65-se gidae yeomyeong of [REG-R33], mort_rate is the samang boheom basis at mu/0.80 [std]. Population cross-check [REG-R38]: implied e(40) 46.4 M / 50.3 F on the annuity basis against 41.9 / 47.4 for the whole population"
M,23,0.0004308063,0.0003446599,"[std] Makeham mu(x) = A + B*c^(x-65) on boheom nai, A = 0.0002, c = 1.10, B = 0.007040013548 (M) / 0.004803209921 (F); ann_mort_rate is the yeongeum saengmyeongpyo proxy fitted to the 65-se gidae yeomyeong of [REG-R33], mort_rate is the samang boheom basis at mu/0.80 [std]. Population cross-check [REG-R38]: implied e(40) 46.4 M / 50.3 F on the annuity basis against 41.9 / 47.4 for the whole population"
M,24,0.0004476586,0.0003581429,"[std] Makeham mu(x) = A + B*c^(x-65) on boheom nai, A = 0.0002, c = 1.10, B = 0.007040013548 (M) / 0.004803209921 (F); ann_mort_rate is the yeongeum saengmyeongpyo proxy fitted to the 65-se gidae yeomyeong of [REG-R33], mort_rate is the samang boheom basis at mu/0.80 [std]. Population cross-check [REG-R38]: implied e(40) 46.4 M / 50.3 F on the annuity basis against 41.9 / 47.4 for the whole population"
M,25,0.0004661959,0.0003729741,"[std] Makeham mu(x) = A + B*c^(x-65) on boheom nai, A = 0.0002, c = 1.10, B = 0.007040013548 (M) / 0.004803209921 (F); ann_mort_rate is the yeongeum saengmyeongpyo proxy fitted to the 65-se gidae yeomyeong of [REG-R33], mort_rate is the samang boheom basis at mu/0.80 [std]. Population cross-check [REG-R38]: implied e(40) 46.4 M / 50.3 F on the annuity basis against 41.9 / 47.4 for the whole population"
M,26,0.0004865865,0.0003892881,"[std] Makeham mu(x) = A + B*c^(x-65) on boheom nai, A = 0.0002, c = 1.10, B = 0.007040013548 (M) / 0.004803209921 (F); ann_mort_rate is the yeongeum saengmyeongpyo proxy fitted to the 65-se gidae yeomyeong of [REG-R33], mort_rate is the samang boheom basis at mu/0.80 [std]. Population cross-check [REG-R38]: implied e(40) 46.4 M / 50.3 F on the annuity basis against 41.9 / 47.4 for the whole population"
M,27,0.0005090157,0.0004072333,"[std] Makeham mu(x) = A + B*c^(x-65) on boheom nai, A = 0.0002, c = 1.10, B = 0.007040013548 (M) / 0.004803209921 (F); ann_mort_rate is the yeongeum saengmyeongpyo proxy fitted to the 65-se gidae yeomyeong of [REG-R33], mort_rate is the samang boheom basis at mu/0.80 [std]. Population cross-check [REG-R38]: implied e(40) 46.4 M / 50.3 F on the annuity basis against 41.9 / 47.4 for the whole population"
M,28,0.0005336872,0.0004269725,"[std] Makeham mu(x) = A + B*c^(x-65) on boheom nai, A = 0.0002, c = 1.10, B = 0.007040013548 (M) / 0.004803209921 (F); ann_mort_rate is the yeongeum saengmyeongpyo proxy fitted to the 65-se gidae yeomyeong of [REG-R33], mort_rate is the samang boheom basis at mu/0.80 [std]. Population cross-check [REG-R38]: implied e(40) 46.4 M / 50.3 F on the annuity basis against 41.9 / 47.4 for the whole population"
M,29,0.0005608251,0.0004486853,"[std] Makeham mu(x) = A + B*c^(x-65) on boheom nai, A = 0.0002, c = 1.10, B = 0.007040013548 (M) / 0.004803209921 (F); ann_mort_rate is the yeongeum saengmyeongpyo proxy fitted to the 65-se gidae yeomyeong of [REG-R33], mort_rate is the samang boheom basis at mu/0.80 [std]. Population cross-check [REG-R38]: implied e(40) 46.4 M / 50.3 F on the annuity basis against 41.9 / 47.4 for the whole population"
M,30,0.0005906760,0.0004725687,"[std] Makeham mu(x) = A + B*c^(x-65) on boheom nai, A = 0.0002, c = 1.10, B = 0.007040013548 (M) / 0.004803209921 (F); ann_mort_rate is the yeongeum saengmyeongpyo proxy fitted to the 65-se gidae yeomyeong of [REG-R33], mort_rate is the samang boheom basis at mu/0.80 [std]. Population cross-check [REG-R38]: implied e(40) 46.4 M / 50.3 F on the annuity basis against 41.9 / 47.4 for the whole population"
M,31,0.0006235110,0.0004988399,"[std] Makeham mu(x) = A + B*c^(x-65) on boheom nai, A = 0.0002, c = 1.10, B = 0.007040013548 (M) / 0.004803209921 (F); ann_mort_rate is the yeongeum saengmyeongpyo proxy fitted to the 65-se gidae yeomyeong of [REG-R33], mort_rate is the samang boheom basis at mu/0.80 [std]. Population cross-check [REG-R38]: implied e(40) 46.4 M / 50.3 F on the annuity basis against 41.9 / 47.4 for the whole population"
M,32,0.0006596282,0.0005277374,"[std] Makeham mu(x) = A + B*c^(x-65) on boheom nai, A = 0.0002, c = 1.10, B = 0.007040013548 (M) / 0.004803209921 (F); ann_mort_rate is the yeongeum saengmyeongpyo proxy fitted to the 65-se gidae yeomyeong of [REG-R33], mort_rate is the samang boheom basis at mu/0.80 [std]. Population cross-check [REG-R38]: implied e(40) 46.4 M / 50.3 F on the annuity basis against 41.9 / 47.4 for the whole population"
M,33,0.0006993556,0.0005595236,"[std] Makeham mu(x) = A + B*c^(x-65) on boheom nai, A = 0.0002, c = 1.10, B = 0.007040013548 (M) / 0.004803209921 (F); ann_mort_rate is the yeongeum saengmyeongpyo proxy fitted to the 65-se gidae yeomyeong of [REG-R33], mort_rate is the samang boheom basis at mu/0.80 [std]. Population cross-check [REG-R38]: implied e(40) 46.4 M / 50.3 F on the annuity basis against 41.9 / 47.4 for the whole population"
M,34,0.0007430540,0.0005944873,"[std] Makeham mu(x) = A + B*c^(x-65) on boheom nai, A = 0.0002, c = 1.10, B = 0.007040013548 (M) / 0.004803209921 (F); ann_mort_rate is the yeongeum saengmyeongpyo proxy fitted to the 65-se gidae yeomyeong of [REG-R33], mort_rate is the samang boheom basis at mu/0.80 [std]. Population cross-check [REG-R38]: implied e(40) 46.4 M / 50.3 F on the annuity basis against 41.9 / 47.4 for the whole population"
M,35,0.0007911199,0.0006329460,"[std] Makeham mu(x) = A + B*c^(x-65) on boheom nai, A = 0.0002, c = 1.10, B = 0.007040013548 (M) / 0.004803209921 (F); ann_mort_rate is the yeongeum saengmyeongpyo proxy fitted to the 65-se gidae yeomyeong of [REG-R33], mort_rate is the samang boheom basis at mu/0.80 [std]. Population cross-check [REG-R38]: implied e(40) 46.4 M / 50.3 F on the annuity basis against 41.9 / 47.4 for the whole population"
M,36,0.0008439898,0.0006752489,"[std] Makeham mu(x) = A + B*c^(x-65) on boheom nai, A = 0.0002, c = 1.10, B = 0.007040013548 (M) / 0.004803209921 (F); ann_mort_rate is the yeongeum saengmyeongpyo proxy fitted to the 65-se gidae yeomyeong of [REG-R33], mort_rate is the samang boheom basis at mu/0.80 [std]. Population cross-check [REG-R38]: implied e(40) 46.4 M / 50.3 F on the annuity basis against 41.9 / 47.4 for the whole population"
M,37,0.0009021435,0.0007217799,"[std] Makeham mu(x) = A + B*c^(x-65) on boheom nai, A = 0.0002, c = 1.10, B = 0.007040013548 (M) / 0.004803209921 (F); ann_mort_rate is the yeongeum saengmyeongpyo proxy fitted to the 65-se gidae yeomyeong of [REG-R33], mort_rate is the samang boheom basis at mu/0.80 [std]. Population cross-check [REG-R38]: implied e(40) 46.4 M / 50.3 F on the annuity basis against 41.9 / 47.4 for the whole population"
M,38,0.0009661086,0.0007729616,"[std] Makeham mu(x) = A + B*c^(x-65) on boheom nai, A = 0.0002, c = 1.10, B = 0.007040013548 (M) / 0.004803209921 (F); ann_mort_rate is the yeongeum saengmyeongpyo proxy fitted to the 65-se gidae yeomyeong of [REG-R33], mort_rate is the samang boheom basis at mu/0.80 [std]. Population cross-check [REG-R38]: implied e(40) 46.4 M / 50.3 F on the annuity basis against 41.9 / 47.4 for the whole population"
M,39,0.0010364655,0.0008292584,"[std] Makeham mu(x) = A + B*c^(x-65) on boheom nai, A = 0.0002, c = 1.10, B = 0.007040013548 (M) / 0.004803209921 (F); ann_mort_rate is the yeongeum saengmyeongpyo proxy fitted to the 65-se gidae yeomyeong of [REG-R33], mort_rate is the samang boheom basis at mu/0.80 [std]. Population cross-check [REG-R38]: implied e(40) 46.4 M / 50.3 F on the annuity basis against 41.9 / 47.4 for the whole population"
M,40,0.0011138523,0.0008911812,"[std] Makeham mu(x) = A + B*c^(x-65) on boheom nai, A = 0.0002, c = 1.10, B = 0.007040013548 (M) / 0.004803209921 (F); ann_mort_rate is the yeongeum saengmyeongpyo proxy fitted to the 65-se gidae yeomyeong of [REG-R33], mort_rate is the samang boheom basis at mu/0.80 [std]. Population cross-check [REG-R38]: implied e(40) 46.4 M / 50.3 F on the annuity basis against 41.9 / 47.4 for the whole population"
M,41,0.0011989710,0.0009592918,"[std] Makeham mu(x) = A + B*c^(x-65) on boheom nai, A = 0.0002, c = 1.10, B = 0.007040013548 (M) / 0.004803209921 (F); ann_mort_rate is the yeongeum saengmyeongpyo proxy fitted to the 65-se gidae yeomyeong of [REG-R33], mort_rate is the samang boheom basis at mu/0.80 [std]. Population cross-check [REG-R38]: implied e(40) 46.4 M / 50.3 F on the annuity basis against 41.9 / 47.4 for the whole population"
M,42,0.0012925931,0.0010342082,"[std] Makeham mu(x) = A + B*c^(x-65) on boheom nai, A = 0.0002, c = 1.10, B = 0.007040013548 (M) / 0.004803209921 (F); ann_mort_rate is the yeongeum saengmyeongpyo proxy fitted to the 65-se gidae yeomyeong of [REG-R33], mort_rate is the samang boheom basis at mu/0.80 [std]. Population cross-check [REG-R38]: implied e(40) 46.4 M / 50.3 F on the annuity basis against 41.9 / 47.4 for the whole population"
M,43,0.0013955672,0.0011166097,"[std] Makeham mu(x) = A + B*c^(x-65) on boheom nai, A = 0.0002, c = 1.10, B = 0.007040013548 (M) / 0.004803209921 (F); ann_mort_rate is the yeongeum saengmyeongpyo proxy fitted to the 65-se gidae yeomyeong of [REG-R33], mort_rate is the samang boheom basis at mu/0.80 [std]. Population cross-check [REG-R38]: implied e(40) 46.4 M / 50.3 F on the annuity basis against 41.9 / 47.4 for the whole population"
M,44,0.0015088266,0.0012072435,"[std] Makeham mu(x) = A + B*c^(x-65) on boheom nai, A = 0.0002, c = 1.10, B = 0.007040013548 (M) / 0.004803209921 (F); ann_mort_rate is the yeongeum saengmyeongpyo proxy fitted to the 65-se gidae yeomyeong of [REG-R33], mort_rate is the samang boheom basis at mu/0.80 [std]. Population cross-check [REG-R38]: implied e(40) 46.4 M / 50.3 F on the annuity basis against 41.9 / 47.4 for the whole population"
M,45,0.0016333970,0.0013069312,"[std] Makeham mu(x) = A + B*c^(x-65) on boheom nai, A = 0.0002, c = 1.10, B = 0.007040013548 (M) / 0.004803209921 (F); ann_mort_rate is the yeongeum saengmyeongpyo proxy fitted to the 65-se gidae yeomyeong of [REG-R33], mort_rate is the samang boheom basis at mu/0.80 [std]. Population cross-check [REG-R38]: implied e(40) 46.4 M / 50.3 F on the annuity basis against 41.9 / 47.4 for the whole population"
M,46,0.0017704065,0.0014165762,"[std] Makeham mu(x) = A + B*c^(x-65) on boheom nai, A = 0.0002, c = 1.10, B = 0.007040013548 (M) / 0.004803209921 (F); ann_mort_rate is the yeongeum saengmyeongpyo proxy fitted to the 65-se gidae yeomyeong of [REG-R33], mort_rate is the samang boheom basis at mu/0.80 [std]. Population cross-check [REG-R38]: implied e(40) 46.4 M / 50.3 F on the annuity basis against 41.9 / 47.4 for the whole population"
M,47,0.0019210953,0.0015371717,"[std] Makeham mu(x) = A + B*c^(x-65) on boheom nai, A = 0.0002, c = 1.10, B = 0.007040013548 (M) / 0.004803209921 (F); ann_mort_rate is the yeongeum saengmyeongpyo proxy fitted to the 65-se gidae yeomyeong of [REG-R33], mort_rate is the samang boheom basis at mu/0.80 [std]. Population cross-check [REG-R38]: implied e(40) 46.4 M / 50.3 F on the annuity basis against 41.9 / 47.4 for the whole population"
M,48,0.0020868267,0.0016698100,"[std] Makeham mu(x) = A + B*c^(x-65) on boheom nai, A = 0.0002, c = 1.10, B = 0.007040013548 (M) / 0.004803209921 (F); ann_mort_rate is the yeongeum saengmyeongpyo proxy fitted to the 65-se gidae yeomyeong of [REG-R33], mort_rate is the samang boheom basis at mu/0.80 [std]. Population cross-check [REG-R38]: implied e(40) 46.4 M / 50.3 F on the annuity basis against 41.9 / 47.4 for the whole population"
M,49,0.0022690994,0.0018156918,"[std] Makeham mu(x) = A + B*c^(x-65) on boheom nai, A = 0.0002, c = 1.10, B = 0.007040013548 (M) / 0.004803209921 (F); ann_mort_rate is the yeongeum saengmyeongpyo proxy fitted to the 65-se gidae yeomyeong of [REG-R33], mort_rate is the samang boheom basis at mu/0.80 [std]. Population cross-check [REG-R38]: implied e(40) 46.4 M / 50.3 F on the annuity basis against 41.9 / 47.4 for the whole population"
M,50,0.0024695609,0.0019761371,"[std] Makeham mu(x) = A + B*c^(x-65) on boheom nai, A = 0.0002, c = 1.10, B = 0.007040013548 (M) / 0.004803209921 (F); ann_mort_rate is the yeongeum saengmyeongpyo proxy fitted to the 65-se gidae yeomyeong of [REG-R33], mort_rate is the samang boheom basis at mu/0.80 [std]. Population cross-check [REG-R38]: implied e(40) 46.4 M / 50.3 F on the annuity basis against 41.9 / 47.4 for the whole population"
M,51,0.0026900221,0.0021525972,"[std] Makeham mu(x) = A + B*c^(x-65) on boheom nai, A = 0.0002, c = 1.10, B = 0.007040013548 (M) / 0.004803209921 (F); ann_mort_rate is the yeongeum saengmyeongpyo proxy fitted to the 65-se gidae yeomyeong of [REG-R33], mort_rate is the samang boheom basis at mu/0.80 [std]. Population cross-check [REG-R38]: implied e(40) 46.4 M / 50.3 F on the annuity basis against 41.9 / 47.4 for the whole population"
M,52,0.0029324731,0.0023466672,"[std] Makeham mu(x) = A + B*c^(x-65) on boheom nai, A = 0.0002, c = 1.10, B = 0.007040013548 (M) / 0.004803209921 (F); ann_mort_rate is the yeongeum saengmyeongpyo proxy fitted to the 65-se gidae yeomyeong of [REG-R33], mort_rate is the samang boheom basis at mu/0.80 [std]. Population cross-check [REG-R38]: implied e(40) 46.4 M / 50.3 F on the annuity basis against 41.9 / 47.4 for the whole population"
M,53,0.0031991011,0.0025601007,"[std] Makeham mu(x) = A + B*c^(x-65) on boheom nai, A = 0.0002, c = 1.10, B = 0.007040013548 (M) / 0.004803209921 (F); ann_mort_rate is the yeongeum saengmyeongpyo proxy fitted to the 65-se gidae yeomyeong of [REG-R33], mort_rate is the samang boheom basis at mu/0.80 [std]. Population cross-check [REG-R38]: implied e(40) 46.4 M / 50.3 F on the annuity basis against 41.9 / 47.4 for the whole population"
M,54,0.0034923096,0.0027948247,"[std] Makeham mu(x) = A + B*c^(x-65) on boheom nai, A = 0.0002, c = 1.10, B = 0.007040013548 (M) / 0.004803209921 (F); ann_mort_rate is the yeongeum saengmyeongpyo proxy fitted to the 65-se gidae yeomyeong of [REG-R33], mort_rate is the samang boheom basis at mu/0.80 [std]. Population cross-check [REG-R38]: implied e(40) 46.4 M / 50.3 F on the annuity basis against 41.9 / 47.4 for the whole population"
M,55,0.0038147393,0.0030529574,"[std] Makeham mu(x) = A + B*c^(x-65) on boheom nai, A = 0.0002, c = 1.10, B = 0.007040013548 (M) / 0.004803209921 (F); ann_mort_rate is the yeongeum saengmyeongpyo proxy fitted to the 65-se gidae yeomyeong of [REG-R33], mort_rate is the samang boheom basis at mu/0.80 [std]. Population cross-check [REG-R38]: implied e(40) 46.4 M / 50.3 F on the annuity basis against 41.9 / 47.4 for the whole population"
M,56,0.0041692915,0.0033368262,"[std] Makeham mu(x) = A + B*c^(x-65) on boheom nai, A = 0.0002, c = 1.10, B = 0.007040013548 (M) / 0.004803209921 (F); ann_mort_rate is the yeongeum saengmyeongpyo proxy fitted to the 65-se gidae yeomyeong of [REG-R33], mort_rate is the samang boheom basis at mu/0.80 [std]. Population cross-check [REG-R38]: implied e(40) 46.4 M / 50.3 F on the annuity basis against 41.9 / 47.4 for the whole population"
M,57,0.0045591532,0.0036489885,"[std] Makeham mu(x) = A + B*c^(x-65) on boheom nai, A = 0.0002, c = 1.10, B = 0.007040013548 (M) / 0.004803209921 (F); ann_mort_rate is the yeongeum saengmyeongpyo proxy fitted to the 65-se gidae yeomyeong of [REG-R33], mort_rate is the samang boheom basis at mu/0.80 [std]. Population cross-check [REG-R38]: implied e(40) 46.4 M / 50.3 F on the annuity basis against 41.9 / 47.4 for the whole population"
M,58,0.0049878247,0.0039922541,"[std] Makeham mu(x) = A + B*c^(x-65) on boheom nai, A = 0.0002, c = 1.10, B = 0.007040013548 (M) / 0.004803209921 (F); ann_mort_rate is the yeongeum saengmyeongpyo proxy fitted to the 65-se gidae yeomyeong of [REG-R33], mort_rate is the samang boheom basis at mu/0.80 [std]. Population cross-check [REG-R38]: implied e(40) 46.4 M / 50.3 F on the annuity basis against 41.9 / 47.4 for the whole population"
M,59,0.0054591503,0.0043697096,"[std] Makeham mu(x) = A + B*c^(x-65) on boheom nai, A = 0.0002, c = 1.10, B = 0.007040013548 (M) / 0.004803209921 (F); ann_mort_rate is the yeongeum saengmyeongpyo proxy fitted to the 65-se gidae yeomyeong of [REG-R33], mort_rate is the samang boheom basis at mu/0.80 [std]. Population cross-check [REG-R38]: implied e(40) 46.4 M / 50.3 F on the annuity basis against 41.9 / 47.4 for the whole population"
M,60,0.0059773504,0.0047847455,"[std] Makeham mu(x) = A + B*c^(x-65) on boheom nai, A = 0.0002, c = 1.10, B = 0.007040013548 (M) / 0.004803209921 (F); ann_mort_rate is the yeongeum saengmyeongpyo proxy fitted to the 65-se gidae yeomyeong of [REG-R33], mort_rate is the samang boheom basis at mu/0.80 [std]. Population cross-check [REG-R38]: implied e(40) 46.4 M / 50.3 F on the annuity basis against 41.9 / 47.4 for the whole population"
M,61,0.0065470588,0.0052410852,"[std] Makeham mu(x) = A + B*c^(x-65) on boheom nai, A = 0.0002, c = 1.10, B = 0.007040013548 (M) / 0.004803209921 (F); ann_mort_rate is the yeongeum saengmyeongpyo proxy fitted to the 65-se gidae yeomyeong of [REG-R33], mort_rate is the samang boheom basis at mu/0.80 [std]. Population cross-check [REG-R38]: implied e(40) 46.4 M / 50.3 F on the annuity basis against 41.9 / 47.4 for the whole population"
M,62,0.0071733609,0.0057428171,"[std] Makeham mu(x) = A + B*c^(x-65) on boheom nai, A = 0.0002, c = 1.10, B = 0.007040013548 (M) / 0.004803209921 (F); ann_mort_rate is the yeongeum saengmyeongpyo proxy fitted to the 65-se gidae yeomyeong of [REG-R33], mort_rate is the samang boheom basis at mu/0.80 [std]. Population cross-check [REG-R38]: implied e(40) 46.4 M / 50.3 F on the annuity basis against 41.9 / 47.4 for the whole population"
M,63,0.0078618371,0.0062944300,"[std] Makeham mu(x) = A + B*c^(x-65) on boheom nai, A = 0.0002, c = 1.10, B = 0.007040013548 (M) / 0.004803209921 (F); ann_mort_rate is the yeongeum saengmyeongpyo proxy fitted to the 65-se gidae yeomyeong of [REG-R33], mort_rate is the samang boheom basis at mu/0.80 [std]. Population cross-check [REG-R38]: implied e(40) 46.4 M / 50.3 F on the annuity basis against 41.9 / 47.4 for the whole population"
M,64,0.0086186096,0.0069008507,"[std] Makeham mu(x) = A + B*c^(x-65) on boheom nai, A = 0.0002, c = 1.10, B = 0.007040013548 (M) / 0.004803209921 (F); ann_mort_rate is the yeongeum saengmyeongpyo proxy fitted to the 65-se gidae yeomyeong of [REG-R33], mort_rate is the samang boheom basis at mu/0.80 [std]. Population cross-check [REG-R38]: implied e(40) 46.4 M / 50.3 F on the annuity basis against 41.9 / 47.4 for the whole population"
M,65,0.0094503926,0.0075674860,"[REG-R33] ANCHOR row: B solved so the complete expectation of life at 65 on the ann_mort_rate basis is exactly the 10th KIDI gyeongheom saengmyeongpyo 65-se gidae yeomyeong, 23.7 years male / 27.1 female. The gyeongheom saengmyeongpyo qx table is NOT published [REG-R34] and this file must never be presented as it"
M,66,0.0103645479,0.0083002680,"[std] Makeham mu(x) = A + B*c^(x-65) on boheom nai, A = 0.0002, c = 1.10, B = 0.007040013548 (M) / 0.004803209921 (F); ann_mort_rate is the yeongeum saengmyeongpyo proxy fitted to the 65-se gidae yeomyeong of [REG-R33], mort_rate is the samang boheom basis at mu/0.80 [std]. Population cross-check [REG-R38]: implied e(40) 46.4 M / 50.3 F on the annuity basis against 41.9 / 47.4 for the whole population"
M,67,0.0113691443,0.0091057033,"[std] Makeham mu(x) = A + B*c^(x-65) on boheom nai, A = 0.0002, c = 1.10, B = 0.007040013548 (M) / 0.004803209921 (F); ann_mort_rate is the yeongeum saengmyeongpyo proxy fitted to the 65-se gidae yeomyeong of [REG-R33], mort_rate is the samang boheom basis at mu/0.80 [std]. Population cross-check [REG-R38]: implied e(40) 46.4 M / 50.3 F on the annuity basis against 41.9 / 47.4 for the whole population"
M,68,0.0124730225,0.0099909266,"[std] Makeham mu(x) = A + B*c^(x-65) on boheom nai, A = 0.0002, c = 1.10, B = 0.007040013548 (M) / 0.004803209921 (F); ann_mort_rate is the yeongeum saengmyeongpyo proxy fitted to the 65-se gidae yeomyeong of [REG-R33], mort_rate is the samang boheom basis at mu/0.80 [std]. Population cross-check [REG-R38]: implied e(40) 46.4 M / 50.3 F on the annuity basis against 41.9 / 47.4 for the whole population"
M,69,0.0136858650,0.0109637589,"[std] Makeham mu(x) = A + B*c^(x-65) on boheom nai, A = 0.0002, c = 1.10, B = 0.007040013548 (M) / 0.004803209921 (F); ann_mort_rate is the yeongeum saengmyeongpyo proxy fitted to the 65-se gidae yeomyeong of [REG-R33], mort_rate is the samang boheom basis at mu/0.80 [std]. Population cross-check [REG-R38]: implied e(40) 46.4 M / 50.3 F on the annuity basis against 41.9 / 47.4 for the whole population"
M,70,0.0150182714,0.0120327703,"[std] Makeham mu(x) = A + B*c^(x-65) on boheom nai, A = 0.0002, c = 1.10, B = 0.007040013548 (M) / 0.004803209921 (F); ann_mort_rate is the yeongeum saengmyeongpyo proxy fitted to the 65-se gidae yeomyeong of [REG-R33], mort_rate is the samang boheom basis at mu/0.80 [std]. Population cross-check [REG-R38]: implied e(40) 46.4 M / 50.3 F on the annuity basis against 41.9 / 47.4 for the whole population"
M,71,0.0164818396,0.0132073484,"[std] Makeham mu(x) = A + B*c^(x-65) on boheom nai, A = 0.0002, c = 1.10, B = 0.007040013548 (M) / 0.004803209921 (F); ann_mort_rate is the yeongeum saengmyeongpyo proxy fitted to the 65-se gidae yeomyeong of [REG-R33], mort_rate is the samang boheom basis at mu/0.80 [std]. Population cross-check [REG-R38]: implied e(40) 46.4 M / 50.3 F on the annuity basis against 41.9 / 47.4 for the whole population"
M,72,0.0180892530,0.0144977714,"[std] Makeham mu(x) = A + B*c^(x-65) on boheom nai, A = 0.0002, c = 1.10, B = 0.007040013548 (M) / 0.004803209921 (F); ann_mort_rate is the yeongeum saengmyeongpyo proxy fitted to the 65-se gidae yeomyeong of [REG-R33], mort_rate is the samang boheom basis at mu/0.80 [std]. Population cross-check [REG-R38]: implied e(40) 46.4 M / 50.3 F on the annuity basis against 41.9 / 47.4 for the whole population"
M,73,0.0198543736,0.0159152878,"[std] Makeham mu(x) = A + B*c^(x-65) on boheom nai, A = 0.0002, c = 1.10, B = 0.007040013548 (M) / 0.004803209921 (F); ann_mort_rate is the yeongeum saengmyeongpyo proxy fitted to the 65-se gidae yeomyeong of [REG-R33], mort_rate is the samang boheom basis at mu/0.80 [std]. Population cross-check [REG-R38]: implied e(40) 46.4 M / 50.3 F on the annuity basis against 41.9 / 47.4 for the whole population"
M,74,0.0217923416,0.0174722010,"[std] Makeham mu(x) = A + B*c^(x-65) on boheom nai, A = 0.0002, c = 1.10, B = 0.007040013548 (M) / 0.004803209921 (F); ann_mort_rate is the yeongeum saengmyeongpyo proxy fitted to the 65-se gidae yeomyeong of [REG-R33], mort_rate is the samang boheom basis at mu/0.80 [std]. Population cross-check [REG-R38]: implied e(40) 46.4 M / 50.3 F on the annuity basis against 41.9 / 47.4 for the whole population"
M,75,0.0239196810,0.0191819607,"[std] Makeham mu(x) = A + B*c^(x-65) on boheom nai, A = 0.0002, c = 1.10, B = 0.007040013548 (M) / 0.004803209921 (F); ann_mort_rate is the yeongeum saengmyeongpyo proxy fitted to the 65-se gidae yeomyeong of [REG-R33], mort_rate is the samang boheom basis at mu/0.80 [std]. Population cross-check [REG-R38]: implied e(40) 46.4 M / 50.3 F on the annuity basis against 41.9 / 47.4 for the whole population"
M,76,0.0262544112,0.0210592601,"[std] Makeham mu(x) = A + B*c^(x-65) on boheom nai, A = 0.0002, c = 1.10, B = 0.007040013548 (M) / 0.004803209921 (F); ann_mort_rate is the yeongeum saengmyeongpyo proxy fitted to the 65-se gidae yeomyeong of [REG-R33], mort_rate is the samang boheom basis at mu/0.80 [std]. Population cross-check [REG-R38]: implied e(40) 46.4 M / 50.3 F on the annuity basis against 41.9 / 47.4 for the whole population"
M,77,0.0288161648,0.0231201396,"[std] Makeham mu(x) = A + B*c^(x-65) on boheom nai, A = 0.0002, c = 1.10, B = 0.007040013548 (M) / 0.004803209921 (F); ann_mort_rate is the yeongeum saengmyeongpyo proxy fitted to the 65-se gidae yeomyeong of [REG-R33], mort_rate is the samang boheom basis at mu/0.80 [std]. Population cross-check [REG-R38]: implied e(40) 46.4 M / 50.3 F on the annuity basis against 41.9 / 47.4 for the whole population"
M,78,0.0316263103,0.0253820964,"[std] Makeham mu(x) = A + B*c^(x-65) on boheom nai, A = 0.0002, c = 1.10, B = 0.007040013548 (M) / 0.004803209921 (F); ann_mort_rate is the yeongeum saengmyeongpyo proxy fitted to the 65-se gidae yeomyeong of [REG-R33], mort_rate is the samang boheom basis at mu/0.80 [std]. Population cross-check [REG-R38]: implied e(40) 46.4 M / 50.3 F on the annuity basis against 41.9 / 47.4 for the whole population"
M,79,0.0347080797,0.0278641999,"[std] Makeham mu(x) = A + B*c^(x-65) on boheom nai, A = 0.0002, c = 1.10, B = 0.007040013548 (M) / 0.004803209921 (F); ann_mort_rate is the yeongeum saengmyeongpyo proxy fitted to the 65-se gidae yeomyeong of [REG-R33], mort_rate is the samang boheom basis at mu/0.80 [std]. Population cross-check [REG-R38]: implied e(40) 46.4 M / 50.3 F on the annuity basis against 41.9 / 47.4 for the whole population"
M,80,0.0380866996,0.0305872133,"[std] Makeham mu(x) = A + B*c^(x-65) on boheom nai, A = 0.0002, c = 1.10, B = 0.007040013548 (M) / 0.004803209921 (F); ann_mort_rate is the yeongeum saengmyeongpyo proxy fitted to the 65-se gidae yeomyeong of [REG-R33], mort_rate is the samang boheom basis at mu/0.80 [std]. Population cross-check [REG-R38]: implied e(40) 46.4 M / 50.3 F on the annuity basis against 41.9 / 47.4 for the whole population"
M,81,0.0417895246,0.0335737193,"[std] Makeham mu(x) = A + B*c^(x-65) on boheom nai, A = 0.0002, c = 1.10, B = 0.007040013548 (M) / 0.004803209921 (F); ann_mort_rate is the yeongeum saengmyeongpyo proxy fitted to the 65-se gidae yeomyeong of [REG-R33], mort_rate is the samang boheom basis at mu/0.80 [std]. Population cross-check [REG-R38]: implied e(40) 46.4 M / 50.3 F on the annuity basis against 41.9 / 47.4 for the whole population"
M,82,0.0458461711,0.0368482503,"[std] Makeham mu(x) = A + B*c^(x-65) on boheom nai, A = 0.0002, c = 1.10, B = 0.007040013548 (M) / 0.004803209921 (F); ann_mort_rate is the yeongeum saengmyeongpyo proxy fitted to the 65-se gidae yeomyeong of [REG-R33], mort_rate is the samang boheom basis at mu/0.80 [std]. Population cross-check [REG-R38]: implied e(40) 46.4 M / 50.3 F on the annuity basis against 41.9 / 47.4 for the whole population"
M,83,0.0502886489,0.0404374210,"[std] Makeham mu(x) = A + B*c^(x-65) on boheom nai, A = 0.0002, c = 1.10, B = 0.007040013548 (M) / 0.004803209921 (F); ann_mort_rate is the yeongeum saengmyeongpyo proxy fitted to the 65-se gidae yeomyeong of [REG-R33], mort_rate is the samang boheom basis at mu/0.80 [std]. Population cross-check [REG-R38]: implied e(40) 46.4 M / 50.3 F on the annuity basis against 41.9 / 47.4 for the whole population"
M,84,0.0551514884,0.0443700626,"[std] Makeham mu(x) = A + B*c^(x-65) on boheom nai, A = 0.0002, c = 1.10, B = 0.007040013548 (M) / 0.004803209921 (F); ann_mort_rate is the yeongeum saengmyeongpyo proxy fitted to the 65-se gidae yeomyeong of [REG-R33], mort_rate is the samang boheom basis at mu/0.80 [std]. Population cross-check [REG-R38]: implied e(40) 46.4 M / 50.3 F on the annuity basis against 41.9 / 47.4 for the whole population"
M,85,0.0604718580,0.0486773553,"[std] Makeham mu(x) = A + B*c^(x-65) on boheom nai, A = 0.0002, c = 1.10, B = 0.007040013548 (M) / 0.004803209921 (F); ann_mort_rate is the yeongeum saengmyeongpyo proxy fitted to the 65-se gidae yeomyeong of [REG-R33], mort_rate is the samang boheom basis at mu/0.80 [std]. Population cross-check [REG-R38]: implied e(40) 46.4 M / 50.3 F on the annuity basis against 41.9 / 47.4 for the whole population"
M,86,0.0662896689,0.0533929573,"[std] Makeham mu(x) = A + B*c^(x-65) on boheom nai, A = 0.0002, c = 1.10, B = 0.007040013548 (M) / 0.004803209921 (F); ann_mort_rate is the yeongeum saengmyeongpyo proxy fitted to the 65-se gidae yeomyeong of [REG-R33], mort_rate is the samang boheom basis at mu/0.80 [std]. Population cross-check [REG-R38]: implied e(40) 46.4 M / 50.3 F on the annuity basis against 41.9 / 47.4 for the whole population"
M,87,0.0726476601,0.0585531261,"[std] Makeham mu(x) = A + B*c^(x-65) on boheom nai, A = 0.0002, c = 1.10, B = 0.007040013548 (M) / 0.004803209921 (F); ann_mort_rate is the yeongeum saengmyeongpyo proxy fitted to the 65-se gidae yeomyeong of [REG-R33], mort_rate is the samang boheom basis at mu/0.80 [std]. Population cross-check [REG-R38]: implied e(40) 46.4 M / 50.3 F on the annuity basis against 41.9 / 47.4 for the whole population"
M,88,0.0795914572,0.0641968284,"[std] Makeham mu(x) = A + B*c^(x-65) on boheom nai, A = 0.0002, c = 1.10, B = 0.007040013548 (M) / 0.004803209921 (F); ann_mort_rate is the yeongeum saengmyeongpyo proxy fitted to the 65-se gidae yeomyeong of [REG-R33], mort_rate is the samang boheom basis at mu/0.80 [std]. Population cross-check [REG-R38]: implied e(40) 46.4 M / 50.3 F on the annuity basis against 41.9 / 47.4 for the whole population"
M,89,0.0871695964,0.0703658324,"[std] Makeham mu(x) = A + B*c^(x-65) on boheom nai, A = 0.0002, c = 1.10, B = 0.007040013548 (M) / 0.004803209921 (F); ann_mort_rate is the yeongeum saengmyeongpyo proxy fitted to the 65-se gidae yeomyeong of [REG-R33], mort_rate is the samang boheom basis at mu/0.80 [std]. Population cross-check [REG-R38]: implied e(40) 46.4 M / 50.3 F on the annuity basis against 41.9 / 47.4 for the whole population"
M,90,0.0954335041,0.0771047764,"[std] Makeham mu(x) = A + B*c^(x-65) on boheom nai, A = 0.0002, c = 1.10, B = 0.007040013548 (M) / 0.004803209921 (F); ann_mort_rate is the yeongeum saengmyeongpyo proxy fitted to the 65-se gidae yeomyeong of [REG-R33], mort_rate is the samang boheom basis at mu/0.80 [std]. Population cross-check [REG-R38]: implied e(40) 46.4 M / 50.3 F on the annuity basis against 41.9 / 47.4 for the whole population"
M,91,0.1044374189,0.0844612057,"[std] Makeham mu(x) = A + B*c^(x-65) on boheom nai, A = 0.0002, c = 1.10, B = 0.007040013548 (M) / 0.004803209921 (F); ann_mort_rate is the yeongeum saengmyeongpyo proxy fitted to the 65-se gidae yeomyeong of [REG-R33], mort_rate is the samang boheom basis at mu/0.80 [std]. Population cross-check [REG-R38]: implied e(40) 46.4 M / 50.3 F on the annuity basis against 41.9 / 47.4 for the whole population"
M,92,0.1142382444,0.0924855687,"[std] Makeham mu(x) = A + B*c^(x-65) on boheom nai, A = 0.0002, c = 1.10, B = 0.007040013548 (M) / 0.004803209921 (F); ann_mort_rate is the yeongeum saengmyeongpyo proxy fitted to the 65-se gidae yeomyeong of [REG-R33], mort_rate is the samang boheom basis at mu/0.80 [std]. Population cross-check [REG-R38]: implied e(40) 46.4 M / 50.3 F on the annuity basis against 41.9 / 47.4 for the whole population"
M,93,0.1248953149,0.1012311600,"[std] Makeham mu(x) = A + B*c^(x-65) on boheom nai, A = 0.0002, c = 1.10, B = 0.007040013548 (M) / 0.004803209921 (F); ann_mort_rate is the yeongeum saengmyeongpyo proxy fitted to the 65-se gidae yeomyeong of [REG-R33], mort_rate is the samang boheom basis at mu/0.80 [std]. Population cross-check [REG-R38]: implied e(40) 46.4 M / 50.3 F on the annuity basis against 41.9 / 47.4 for the whole population"
M,94,0.1364700568,0.1107539982,"[std] Makeham mu(x) = A + B*c^(x-65) on boheom nai, A = 0.0002, c = 1.10, B = 0.007040013548 (M) / 0.004803209921 (F); ann_mort_rate is the yeongeum saengmyeongpyo proxy fitted to the 65-se gidae yeomyeong of [REG-R33], mort_rate is the samang boheom basis at mu/0.80 [std]. Population cross-check [REG-R38]: implied e(40) 46.4 M / 50.3 F on the annuity basis against 41.9 / 47.4 for the whole population"
M,95,0.1490255257,0.1211126238,"[std] Makeham mu(x) = A + B*c^(x-65) on boheom nai, A = 0.0002, c = 1.10, B = 0.007040013548 (M) / 0.004803209921 (F); ann_mort_rate is the yeongeum saengmyeongpyo proxy fitted to the 65-se gidae yeomyeong of [REG-R33], mort_rate is the samang boheom basis at mu/0.80 [std]. Population cross-check [REG-R38]: implied e(40) 46.4 M / 50.3 F on the annuity basis against 41.9 / 47.4 for the whole population"
M,96,0.1626257956,0.1323677977,"[std] Makeham mu(x) = A + B*c^(x-65) on boheom nai, A = 0.0002, c = 1.10, B = 0.007040013548 (M) / 0.004803209921 (F); ann_mort_rate is the yeongeum saengmyeongpyo proxy fitted to the 65-se gidae yeomyeong of [REG-R33], mort_rate is the samang boheom basis at mu/0.80 [std]. Population cross-check [REG-R38]: implied e(40) 46.4 M / 50.3 F on the annuity basis against 41.9 / 47.4 for the whole population"
M,97,0.1773351766,0.1445820838,"[std] Makeham mu(x) = A + B*c^(x-65) on boheom nai, A = 0.0002, c = 1.10, B = 0.007040013548 (M) / 0.004803209921 (F); ann_mort_rate is the yeongeum saengmyeongpyo proxy fitted to the 65-se gidae yeomyeong of [REG-R33], mort_rate is the samang boheom basis at mu/0.80 [std]. Population cross-check [REG-R38]: implied e(40) 46.4 M / 50.3 F on the annuity basis against 41.9 / 47.4 for the whole population"
M,98,0.1932172350,0.1578192904,"[std] Makeham mu(x) = A + B*c^(x-65) on boheom nai, A = 0.0002, c = 1.10, B = 0.007040013548 (M) / 0.004803209921 (F); ann_mort_rate is the yeongeum saengmyeongpyo proxy fitted to the 65-se gidae yeomyeong of [REG-R33], mort_rate is the samang boheom basis at mu/0.80 [std]. Population cross-check [REG-R38]: implied e(40) 46.4 M / 50.3 F on the annuity basis against 41.9 / 47.4 for the whole population"
M,99,0.2103335902,0.1721437502,"[std] Makeham mu(x) = A + B*c^(x-65) on boheom nai, A = 0.0002, c = 1.10, B = 0.007040013548 (M) / 0.004803209921 (F); ann_mort_rate is the yeongeum saengmyeongpyo proxy fitted to the 65-se gidae yeomyeong of [REG-R33], mort_rate is the samang boheom basis at mu/0.80 [std]. Population cross-check [REG-R38]: implied e(40) 46.4 M / 50.3 F on the annuity basis against 41.9 / 47.4 for the whole population"
M,100,0.2287424600,0.1876194102,"[std] Makeham mu(x) = A + B*c^(x-65) on boheom nai, A = 0.0002, c = 1.10, B = 0.007040013548 (M) / 0.004803209921 (F); ann_mort_rate is the yeongeum saengmyeongpyo proxy fitted to the 65-se gidae yeomyeong of [REG-R33], mort_rate is the samang boheom basis at mu/0.80 [std]. Population cross-check [REG-R38]: implied e(40) 46.4 M / 50.3 F on the annuity basis against 41.9 / 47.4 for the whole population"
M,101,0.2484969341,0.2043087076,"[std] Makeham mu(x) = A + B*c^(x-65) on boheom nai, A = 0.0002, c = 1.10, B = 0.007040013548 (M) / 0.004803209921 (F); ann_mort_rate is the yeongeum saengmyeongpyo proxy fitted to the 65-se gidae yeomyeong of [REG-R33], mort_rate is the samang boheom basis at mu/0.80 [std]. Population cross-check [REG-R38]: implied e(40) 46.4 M / 50.3 F on the annuity basis against 41.9 / 47.4 for the whole population"
M,102,0.2696429530,0.2222712042,"[std] Makeham mu(x) = A + B*c^(x-65) on boheom nai, A = 0.0002, c = 1.10, B = 0.007040013548 (M) / 0.004803209921 (F); ann_mort_rate is the yeongeum saengmyeongpyo proxy fitted to the 65-se gidae yeomyeong of [REG-R33], mort_rate is the samang boheom basis at mu/0.80 [std]. Population cross-check [REG-R38]: implied e(40) 46.4 M / 50.3 F on the annuity basis against 41.9 / 47.4 for the whole population"
M,103,0.2922169825,0.2415619544,"[std] Makeham mu(x) = A + B*c^(x-65) on boheom nai, A = 0.0002, c = 1.10, B = 0.007040013548 (M) / 0.004803209921 (F); ann_mort_rate is the yeongeum saengmyeongpyo proxy fitted to the 65-se gidae yeomyeong of [REG-R33], mort_rate is the samang boheom basis at mu/0.80 [std]. Population cross-check [REG-R38]: implied e(40) 46.4 M / 50.3 F on the annuity basis against 41.9 / 47.4 for the whole population"
M,104,0.3162433811,0.2622295868,"[std] Makeham mu(x) = A + B*c^(x-65) on boheom nai, A = 0.0002, c = 1.10, B = 0.007040013548 (M) / 0.004803209921 (F); ann_mort_rate is the yeongeum saengmyeongpyo proxy fitted to the 65-se gidae yeomyeong of [REG-R33], mort_rate is the samang boheom basis at mu/0.80 [std]. Population cross-check [REG-R38]: implied e(40) 46.4 M / 50.3 F on the annuity basis against 41.9 / 47.4 for the whole population"
M,105,0.3417314757,0.2843140828,"[std] Makeham mu(x) = A + B*c^(x-65) on boheom nai, A = 0.0002, c = 1.10, B = 0.007040013548 (M) / 0.004803209921 (F); ann_mort_rate is the yeongeum saengmyeongpyo proxy fitted to the 65-se gidae yeomyeong of [REG-R33], mort_rate is the samang boheom basis at mu/0.80 [std]. Population cross-check [REG-R38]: implied e(40) 46.4 M / 50.3 F on the annuity basis against 41.9 / 47.4 for the whole population"
M,106,0.3686723797,0.3078442487,"[std] Makeham mu(x) = A + B*c^(x-65) on boheom nai, A = 0.0002, c = 1.10, B = 0.007040013548 (M) / 0.004803209921 (F); ann_mort_rate is the yeongeum saengmyeongpyo proxy fitted to the 65-se gidae yeomyeong of [REG-R33], mort_rate is the samang boheom basis at mu/0.80 [std]. Population cross-check [REG-R38]: implied e(40) 46.4 M / 50.3 F on the annuity basis against 41.9 / 47.4 for the whole population"
M,107,0.3970356152,0.3328348869,"[std] Makeham mu(x) = A + B*c^(x-65) on boheom nai, A = 0.0002, c = 1.10, B = 0.007040013548 (M) / 0.004803209921 (F); ann_mort_rate is the yeongeum saengmyeongpyo proxy fitted to the 65-se gidae yeomyeong of [REG-R33], mort_rate is the samang boheom basis at mu/0.80 [std]. Population cross-check [REG-R38]: implied e(40) 46.4 M / 50.3 F on the annuity basis against 41.9 / 47.4 for the whole population"
M,108,0.4267656350,0.3592836973,"[std] Makeham mu(x) = A + B*c^(x-65) on boheom nai, A = 0.0002, c = 1.10, B = 0.007040013548 (M) / 0.004803209921 (F); ann_mort_rate is the yeongeum saengmyeongpyo proxy fitted to the 65-se gidae yeomyeong of [REG-R33], mort_rate is the samang boheom basis at mu/0.80 [std]. Population cross-check [REG-R38]: implied e(40) 46.4 M / 50.3 F on the annuity basis against 41.9 / 47.4 for the whole population"
M,109,0.4577783782,0.3871679567,"[std] Makeham mu(x) = A + B*c^(x-65) on boheom nai, A = 0.0002, c = 1.10, B = 0.007040013548 (M) / 0.004803209921 (F); ann_mort_rate is the yeongeum saengmyeongpyo proxy fitted to the 65-se gidae yeomyeong of [REG-R33], mort_rate is the samang boheom basis at mu/0.80 [std]. Population cross-check [REG-R38]: implied e(40) 46.4 M / 50.3 F on the annuity basis against 41.9 / 47.4 for the whole population"
M,110,0.4899580395,0.4164410622,"[std] Makeham mu(x) = A + B*c^(x-65) on boheom nai, A = 0.0002, c = 1.10, B = 0.007040013548 (M) / 0.004803209921 (F); ann_mort_rate is the yeongeum saengmyeongpyo proxy fitted to the 65-se gidae yeomyeong of [REG-R33], mort_rate is the samang boheom basis at mu/0.80 [std]. Population cross-check [REG-R38]: implied e(40) 46.4 M / 50.3 F on the annuity basis against 41.9 / 47.4 for the whole population"
M,111,0.5231542803,0.4470290571,"[std] Makeham mu(x) = A + B*c^(x-65) on boheom nai, A = 0.0002, c = 1.10, B = 0.007040013548 (M) / 0.004803209921 (F); ann_mort_rate is the yeongeum saengmyeongpyo proxy fitted to the 65-se gidae yeomyeong of [REG-R33], mort_rate is the samang boheom basis at mu/0.80 [std]. Population cross-check [REG-R38]: implied e(40) 46.4 M / 50.3 F on the annuity basis against 41.9 / 47.4 for the whole population"
M,112,0.5571801616,0.4788273038,"[std] Makeham mu(x) = A + B*c^(x-65) on boheom nai, A = 0.0002, c = 1.10, B = 0.007040013548 (M) / 0.004803209921 (F); ann_mort_rate is the yeongeum saengmyeongpyo proxy fitted to the 65-se gidae yeomyeong of [REG-R33], mort_rate is the samang boheom basis at mu/0.80 [std]. Population cross-check [REG-R38]: implied e(40) 46.4 M / 50.3 F on the annuity basis against 41.9 / 47.4 for the whole population"
M,113,0.5918111216,0.5116975154,"[std] Makeham mu(x) = A + B*c^(x-65) on boheom nai, A = 0.0002, c = 1.10, B = 0.007040013548 (M) / 0.004803209921 (F); ann_mort_rate is the yeongeum saengmyeongpyo proxy fitted to the 65-se gidae yeomyeong of [REG-R33], mort_rate is the samang boheom basis at mu/0.80 [std]. Population cross-check [REG-R38]: implied e(40) 46.4 M / 50.3 F on the annuity basis against 41.9 / 47.4 for the whole population"
M,114,0.6267853560,0.5454654076,"[std] Makeham mu(x) = A + B*c^(x-65) on boheom nai, A = 0.0002, c = 1.10, B = 0.007040013548 (M) / 0.004803209921 (F); ann_mort_rate is the yeongeum saengmyeongpyo proxy fitted to the 65-se gidae yeomyeong of [REG-R33], mort_rate is the samang boheom basis at mu/0.80 [std]. Population cross-check [REG-R38]: implied e(40) 46.4 M / 50.3 F on the annuity basis against 41.9 / 47.4 for the whole population"
M,115,0.6618059713,0.5799192814,"[std] Makeham mu(x) = A + B*c^(x-65) on boheom nai, A = 0.0002, c = 1.10, B = 0.007040013548 (M) / 0.004803209921 (F); ann_mort_rate is the yeongeum saengmyeongpyo proxy fitted to the 65-se gidae yeomyeong of [REG-R33], mort_rate is the samang boheom basis at mu/0.80 [std]. Population cross-check [REG-R38]: implied e(40) 46.4 M / 50.3 F on the annuity basis against 41.9 / 47.4 for the whole population"
M,116,0.6965452637,0.6148098825,"[std] Makeham mu(x) = A + B*c^(x-65) on boheom nai, A = 0.0002, c = 1.10, B = 0.007040013548 (M) / 0.004803209921 (F); ann_mort_rate is the yeongeum saengmyeongpyo proxy fitted to the 65-se gidae yeomyeong of [REG-R33], mort_rate is the samang boheom basis at mu/0.80 [std]. Population cross-check [REG-R38]: implied e(40) 46.4 M / 50.3 F on the annuity basis against 41.9 / 47.4 for the whole population"
M,117,0.7306514115,0.6498519088,"[std] Makeham mu(x) = A + B*c^(x-65) on boheom nai, A = 0.0002, c = 1.10, B = 0.007040013548 (M) / 0.004803209921 (F); ann_mort_rate is the yeongeum saengmyeongpyo proxy fitted to the 65-se gidae yeomyeong of [REG-R33], mort_rate is the samang boheom basis at mu/0.80 [std]. Population cross-check [REG-R38]: implied e(40) 46.4 M / 50.3 F on the annuity basis against 41.9 / 47.4 for the whole population"
M,118,0.7637577523,0.6847275274,"[std] Makeham mu(x) = A + B*c^(x-65) on boheom nai, A = 0.0002, c = 1.10, B = 0.007040013548 (M) / 0.004803209921 (F); ann_mort_rate is the yeongeum saengmyeongpyo proxy fitted to the 65-se gidae yeomyeong of [REG-R33], mort_rate is the samang boheom basis at mu/0.80 [std]. Population cross-check [REG-R38]: implied e(40) 46.4 M / 50.3 F on the annuity basis against 41.9 / 47.4 for the whole population"
M,119,0.7954946310,0.7190922176,"[std] Makeham mu(x) = A + B*c^(x-65) on boheom nai, A = 0.0002, c = 1.10, B = 0.007040013548 (M) / 0.004803209921 (F); ann_mort_rate is the yeongeum saengmyeongpyo proxy fitted to the 65-se gidae yeomyeong of [REG-R33], mort_rate is the samang boheom basis at mu/0.80 [std]. Population cross-check [REG-R38]: implied e(40) 46.4 M / 50.3 F on the annuity basis against 41.9 / 47.4 for the whole population"
M,120,1.0000000000,1.0000000000,"[std] terminal age of the shipped table: q(120) = 1 by construction, so no life survives it. omega_age = 120 is [std]"
F,15,0.0003159137,0.0002527389,"[std] Makeham mu(x) = A + B*c^(x-65) on boheom nai, A = 0.0002, c = 1.10, B = 0.007040013548 (M) / 0.004803209921 (F); ann_mort_rate is the yeongeum saengmyeongpyo proxy fitted to the 65-se gidae yeomyeong of [REG-R33], mort_rate is the samang boheom basis at mu/0.80 [std]. Population cross-check [REG-R38]: implied e(40) 46.4 M / 50.3 F on the annuity basis against 41.9 / 47.4 for the whole population"
F,16,0.0003212782,0.0002570308,"[std] Makeham mu(x) = A + B*c^(x-65) on boheom nai, A = 0.0002, c = 1.10, B = 0.007040013548 (M) / 0.004803209921 (F); ann_mort_rate is the yeongeum saengmyeongpyo proxy fitted to the 65-se gidae yeomyeong of [REG-R33], mort_rate is the samang boheom basis at mu/0.80 [std]. Population cross-check [REG-R38]: implied e(40) 46.4 M / 50.3 F on the annuity basis against 41.9 / 47.4 for the whole population"
F,17,0.0003271791,0.0002617519,"[std] Makeham mu(x) = A + B*c^(x-65) on boheom nai, A = 0.0002, c = 1.10, B = 0.007040013548 (M) / 0.004803209921 (F); ann_mort_rate is the yeongeum saengmyeongpyo proxy fitted to the 65-se gidae yeomyeong of [REG-R33], mort_rate is the samang boheom basis at mu/0.80 [std]. Population cross-check [REG-R38]: implied e(40) 46.4 M / 50.3 F on the annuity basis against 41.9 / 47.4 for the whole population"
F,18,0.0003336701,0.0002669450,"[std] Makeham mu(x) = A + B*c^(x-65) on boheom nai, A = 0.0002, c = 1.10, B = 0.007040013548 (M) / 0.004803209921 (F); ann_mort_rate is the yeongeum saengmyeongpyo proxy fitted to the 65-se gidae yeomyeong of [REG-R33], mort_rate is the samang boheom basis at mu/0.80 [std]. Population cross-check [REG-R38]: implied e(40) 46.4 M / 50.3 F on the annuity basis against 41.9 / 47.4 for the whole population"
F,19,0.0003408101,0.0002726574,"[std] Makeham mu(x) = A + B*c^(x-65) on boheom nai, A = 0.0002, c = 1.10, B = 0.007040013548 (M) / 0.004803209921 (F); ann_mort_rate is the yeongeum saengmyeongpyo proxy fitted to the 65-se gidae yeomyeong of [REG-R33], mort_rate is the samang boheom basis at mu/0.80 [std]. Population cross-check [REG-R38]: implied e(40) 46.4 M / 50.3 F on the annuity basis against 41.9 / 47.4 for the whole population"
F,20,0.0003486641,0.0002789410,"[std] Makeham mu(x) = A + B*c^(x-65) on boheom nai, A = 0.0002, c = 1.10, B = 0.007040013548 (M) / 0.004803209921 (F); ann_mort_rate is the yeongeum saengmyeongpyo proxy fitted to the 65-se gidae yeomyeong of [REG-R33], mort_rate is the samang boheom basis at mu/0.80 [std]. Population cross-check [REG-R38]: implied e(40) 46.4 M / 50.3 F on the annuity basis against 41.9 / 47.4 for the whole population"
F,21,0.0003573034,0.0002858529,"[std] Makeham mu(x) = A + B*c^(x-65) on boheom nai, A = 0.0002, c = 1.10, B = 0.007040013548 (M) / 0.004803209921 (F); ann_mort_rate is the yeongeum saengmyeongpyo proxy fitted to the 65-se gidae yeomyeong of [REG-R33], mort_rate is the samang boheom basis at mu/0.80 [std]. Population cross-check [REG-R38]: implied e(40) 46.4 M / 50.3 F on the annuity basis against 41.9 / 47.4 for the whole population"
F,22,0.0003668065,0.0002934560,"[std] Makeham mu(x) = A + B*c^(x-65) on boheom nai, A = 0.0002, c = 1.10, B = 0.007040013548 (M) / 0.004803209921 (F); ann_mort_rate is the yeongeum saengmyeongpyo proxy fitted to the 65-se gidae yeomyeong of [REG-R33], mort_rate is the samang boheom basis at mu/0.80 [std]. Population cross-check [REG-R38]: implied e(40) 46.4 M / 50.3 F on the annuity basis against 41.9 / 47.4 for the whole population"
F,23,0.0003772599,0.0003018193,"[std] Makeham mu(x) = A + B*c^(x-65) on boheom nai, A = 0.0002, c = 1.10, B = 0.007040013548 (M) / 0.004803209921 (F); ann_mort_rate is the yeongeum saengmyeongpyo proxy fitted to the 65-se gidae yeomyeong of [REG-R33], mort_rate is the samang boheom basis at mu/0.80 [std]. Population cross-check [REG-R38]: implied e(40) 46.4 M / 50.3 F on the annuity basis against 41.9 / 47.4 for the whole population"
F,24,0.0003887584,0.0003110188,"[std] Makeham mu(x) = A + B*c^(x-65) on boheom nai, A = 0.0002, c = 1.10, B = 0.007040013548 (M) / 0.004803209921 (F); ann_mort_rate is the yeongeum saengmyeongpyo proxy fitted to the 65-se gidae yeomyeong of [REG-R33], mort_rate is the samang boheom basis at mu/0.80 [std]. Population cross-check [REG-R38]: implied e(40) 46.4 M / 50.3 F on the annuity basis against 41.9 / 47.4 for the whole population"
F,25,0.0004014067,0.0003211382,"[std] Makeham mu(x) = A + B*c^(x-65) on boheom nai, A = 0.0002, c = 1.10, B = 0.007040013548 (M) / 0.004803209921 (F); ann_mort_rate is the yeongeum saengmyeongpyo proxy fitted to the 65-se gidae yeomyeong of [REG-R33], mort_rate is the samang boheom basis at mu/0.80 [std]. Population cross-check [REG-R38]: implied e(40) 46.4 M / 50.3 F on the annuity basis against 41.9 / 47.4 for the whole population"
F,26,0.0004153196,0.0003322695,"[std] Makeham mu(x) = A + B*c^(x-65) on boheom nai, A = 0.0002, c = 1.10, B = 0.007040013548 (M) / 0.004803209921 (F); ann_mort_rate is the yeongeum saengmyeongpyo proxy fitted to the 65-se gidae yeomyeong of [REG-R33], mort_rate is the samang boheom basis at mu/0.80 [std]. Population cross-check [REG-R38]: implied e(40) 46.4 M / 50.3 F on the annuity basis against 41.9 / 47.4 for the whole population"
F,27,0.0004306235,0.0003445137,"[std] Makeham mu(x) = A + B*c^(x-65) on boheom nai, A = 0.0002, c = 1.10, B = 0.007040013548 (M) / 0.004803209921 (F); ann_mort_rate is the yeongeum saengmyeongpyo proxy fitted to the 65-se gidae yeomyeong of [REG-R33], mort_rate is the samang boheom basis at mu/0.80 [std]. Population cross-check [REG-R38]: implied e(40) 46.4 M / 50.3 F on the annuity basis against 41.9 / 47.4 for the whole population"
F,28,0.0004474576,0.0003579821,"[std] Makeham mu(x) = A + B*c^(x-65) on boheom nai, A = 0.0002, c = 1.10, B = 0.007040013548 (M) / 0.004803209921 (F); ann_mort_rate is the yeongeum saengmyeongpyo proxy fitted to the 65-se gidae yeomyeong of [REG-R33], mort_rate is the samang boheom basis at mu/0.80 [std]. Population cross-check [REG-R38]: implied e(40) 46.4 M / 50.3 F on the annuity basis against 41.9 / 47.4 for the whole population"
F,29,0.0004659748,0.0003727972,"[std] Makeham mu(x) = A + B*c^(x-65) on boheom nai, A = 0.0002, c = 1.10, B = 0.007040013548 (M) / 0.004803209921 (F); ann_mort_rate is the yeongeum saengmyeongpyo proxy fitted to the 65-se gidae yeomyeong of [REG-R33], mort_rate is the samang boheom basis at mu/0.80 [std]. Population cross-check [REG-R38]: implied e(40) 46.4 M / 50.3 F on the annuity basis against 41.9 / 47.4 for the whole population"
F,30,0.0004863433,0.0003890935,"[std] Makeham mu(x) = A + B*c^(x-65) on boheom nai, A = 0.0002, c = 1.10, B = 0.007040013548 (M) / 0.004803209921 (F); ann_mort_rate is the yeongeum saengmyeongpyo proxy fitted to the 65-se gidae yeomyeong of [REG-R33], mort_rate is the samang boheom basis at mu/0.80 [std]. Population cross-check [REG-R38]: implied e(40) 46.4 M / 50.3 F on the annuity basis against 41.9 / 47.4 for the whole population"
F,31,0.0005087481,0.0004070192,"[std] Makeham mu(x) = A + B*c^(x-65) on boheom nai, A = 0.0002, c = 1.10, B = 0.007040013548 (M) / 0.004803209921 (F); ann_mort_rate is the yeongeum saengmyeongpyo proxy fitted to the 65-se gidae yeomyeong of [REG-R33], mort_rate is the samang boheom basis at mu/0.80 [std]. Population cross-check [REG-R38]: implied e(40) 46.4 M / 50.3 F on the annuity basis against 41.9 / 47.4 for the whole population"
F,32,0.0005333929,0.0004267371,"[std] Makeham mu(x) = A + B*c^(x-65) on boheom nai, A = 0.0002, c = 1.10, B = 0.007040013548 (M) / 0.004803209921 (F); ann_mort_rate is the yeongeum saengmyeongpyo proxy fitted to the 65-se gidae yeomyeong of [REG-R33], mort_rate is the samang boheom basis at mu/0.80 [std]. Population cross-check [REG-R38]: implied e(40) 46.4 M / 50.3 F on the annuity basis against 41.9 / 47.4 for the whole population"
F,33,0.0005605014,0.0004484263,"[std] Makeham mu(x) = A + B*c^(x-65) on boheom nai, A = 0.0002, c = 1.10, B = 0.007040013548 (M) / 0.004803209921 (F); ann_mort_rate is the yeongeum saengmyeongpyo proxy fitted to the 65-se gidae yeomyeong of [REG-R33], mort_rate is the samang boheom basis at mu/0.80 [std]. Population cross-check [REG-R38]: implied e(40) 46.4 M / 50.3 F on the annuity basis against 41.9 / 47.4 for the whole population"
F,34,0.0005903200,0.0004722839,"[std] Makeham mu(x) = A + B*c^(x-65) on boheom nai, A = 0.0002, c = 1.10, B = 0.007040013548 (M) / 0.004803209921 (F); ann_mort_rate is the yeongeum saengmyeongpyo proxy fitted to the 65-se gidae yeomyeong of [REG-R33], mort_rate is the samang boheom basis at mu/0.80 [std]. Population cross-check [REG-R38]: implied e(40) 46.4 M / 50.3 F on the annuity basis against 41.9 / 47.4 for the whole population"
F,35,0.0006231193,0.0004985265,"[std] Makeham mu(x) = A + B*c^(x-65) on boheom nai, A = 0.0002, c = 1.10, B = 0.007040013548 (M) / 0.004803209921 (F); ann_mort_rate is the yeongeum saengmyeongpyo proxy fitted to the 65-se gidae yeomyeong of [REG-R33], mort_rate is the samang boheom basis at mu/0.80 [std]. Population cross-check [REG-R38]: implied e(40) 46.4 M / 50.3 F on the annuity basis against 41.9 / 47.4 for the whole population"
F,36,0.0006591974,0.0005273927,"[std] Makeham mu(x) = A + B*c^(x-65) on boheom nai, A = 0.0002, c = 1.10, B = 0.007040013548 (M) / 0.004803209921 (F); ann_mort_rate is the yeongeum saengmyeongpyo proxy fitted to the 65-se gidae yeomyeong of [REG-R33], mort_rate is the samang boheom basis at mu/0.80 [std]. Population cross-check [REG-R38]: implied e(40) 46.4 M / 50.3 F on the annuity basis against 41.9 / 47.4 for the whole population"
F,37,0.0006988818,0.0005591445,"[std] Makeham mu(x) = A + B*c^(x-65) on boheom nai, A = 0.0002, c = 1.10, B = 0.007040013548 (M) / 0.004803209921 (F); ann_mort_rate is the yeongeum saengmyeongpyo proxy fitted to the 65-se gidae yeomyeong of [REG-R33], mort_rate is the samang boheom basis at mu/0.80 [std]. Population cross-check [REG-R38]: implied e(40) 46.4 M / 50.3 F on the annuity basis against 41.9 / 47.4 for the whole population"
F,38,0.0007425327,0.0005940703,"[std] Makeham mu(x) = A + B*c^(x-65) on boheom nai, A = 0.0002, c = 1.10, B = 0.007040013548 (M) / 0.004803209921 (F); ann_mort_rate is the yeongeum saengmyeongpyo proxy fitted to the 65-se gidae yeomyeong of [REG-R33], mort_rate is the samang boheom basis at mu/0.80 [std]. Population cross-check [REG-R38]: implied e(40) 46.4 M / 50.3 F on the annuity basis against 41.9 / 47.4 for the whole population"
F,39,0.0007905466,0.0006324873,"[std] Makeham mu(x) = A + B*c^(x-65) on boheom nai, A = 0.0002, c = 1.10, B = 0.007040013548 (M) / 0.004803209921 (F); ann_mort_rate is the yeongeum saengmyeongpyo proxy fitted to the 65-se gidae yeomyeong of [REG-R33], mort_rate is the samang boheom basis at mu/0.80 [std]. Population cross-check [REG-R38]: implied e(40) 46.4 M / 50.3 F on the annuity basis against 41.9 / 47.4 for the whole population"
F,40,0.0008433592,0.0006747443,"[std] Makeham mu(x) = A + B*c^(x-65) on boheom nai, A = 0.0002, c = 1.10, B = 0.007040013548 (M) / 0.004803209921 (F); ann_mort_rate is the yeongeum saengmyeongpyo proxy fitted to the 65-se gidae yeomyeong of [REG-R33], mort_rate is the samang boheom basis at mu/0.80 [std]. Population cross-check [REG-R38]: implied e(40) 46.4 M / 50.3 F on the annuity basis against 41.9 / 47.4 for the whole population"
F,41,0.0009014498,0.0007212249,"[std] Makeham mu(x) = A + B*c^(x-65) on boheom nai, A = 0.0002, c = 1.10, B = 0.007040013548 (M) / 0.004803209921 (F); ann_mort_rate is the yeongeum saengmyeongpyo proxy fitted to the 65-se gidae yeomyeong of [REG-R33], mort_rate is the samang boheom basis at mu/0.80 [std]. Population cross-check [REG-R38]: implied e(40) 46.4 M / 50.3 F on the annuity basis against 41.9 / 47.4 for the whole population"
F,42,0.0009653456,0.0007723511,"[std] Makeham mu(x) = A + B*c^(x-65) on boheom nai, A = 0.0002, c = 1.10, B = 0.007040013548 (M) / 0.004803209921 (F); ann_mort_rate is the yeongeum saengmyeongpyo proxy fitted to the 65-se gidae yeomyeong of [REG-R33], mort_rate is the samang boheom basis at mu/0.80 [std]. Population cross-check [REG-R38]: implied e(40) 46.4 M / 50.3 F on the annuity basis against 41.9 / 47.4 for the whole population"
F,43,0.0010356263,0.0008285869,"[std] Makeham mu(x) = A + B*c^(x-65) on boheom nai, A = 0.0002, c = 1.10, B = 0.007040013548 (M) / 0.004803209921 (F); ann_mort_rate is the yeongeum saengmyeongpyo proxy fitted to the 65-se gidae yeomyeong of [REG-R33], mort_rate is the samang boheom basis at mu/0.80 [std]. Population cross-check [REG-R38]: implied e(40) 46.4 M / 50.3 F on the annuity basis against 41.9 / 47.4 for the whole population"
F,44,0.0011129293,0.0008904426,"[std] Makeham mu(x) = A + B*c^(x-65) on boheom nai, A = 0.0002, c = 1.10, B = 0.007040013548 (M) / 0.004803209921 (F); ann_mort_rate is the yeongeum saengmyeongpyo proxy fitted to the 65-se gidae yeomyeong of [REG-R33], mort_rate is the samang boheom basis at mu/0.80 [std]. Population cross-check [REG-R38]: implied e(40) 46.4 M / 50.3 F on the annuity basis against 41.9 / 47.4 for the whole population"
F,45,0.0011979557,0.0009584794,"[std] Makeham mu(x) = A + B*c^(x-65) on boheom nai, A = 0.0002, c = 1.10, B = 0.007040013548 (M) / 0.004803209921 (F); ann_mort_rate is the yeongeum saengmyeongpyo proxy fitted to the 65-se gidae yeomyeong of [REG-R33], mort_rate is the samang boheom basis at mu/0.80 [std]. Population cross-check [REG-R38]: implied e(40) 46.4 M / 50.3 F on the annuity basis against 41.9 / 47.4 for the whole population"
F,46,0.0012914764,0.0010333146,"[std] Makeham mu(x) = A + B*c^(x-65) on boheom nai, A = 0.0002, c = 1.10, B = 0.007040013548 (M) / 0.004803209921 (F); ann_mort_rate is the yeongeum saengmyeongpyo proxy fitted to the 65-se gidae yeomyeong of [REG-R33], mort_rate is the samang boheom basis at mu/0.80 [std]. Population cross-check [REG-R38]: implied e(40) 46.4 M / 50.3 F on the annuity basis against 41.9 / 47.4 for the whole population"
F,47,0.0013943390,0.0011156268,"[std] Makeham mu(x) = A + B*c^(x-65) on boheom nai, A = 0.0002, c = 1.10, B = 0.007040013548 (M) / 0.004803209921 (F); ann_mort_rate is the yeongeum saengmyeongpyo proxy fitted to the 65-se gidae yeomyeong of [REG-R33], mort_rate is the samang boheom basis at mu/0.80 [std]. Population cross-check [REG-R38]: implied e(40) 46.4 M / 50.3 F on the annuity basis against 41.9 / 47.4 for the whole population"
F,48,0.0015074757,0.0012061625,"[std] Makeham mu(x) = A + B*c^(x-65) on boheom nai, A = 0.0002, c = 1.10, B = 0.007040013548 (M) / 0.004803209921 (F); ann_mort_rate is the yeongeum saengmyeongpyo proxy fitted to the 65-se gidae yeomyeong of [REG-R33], mort_rate is the samang boheom basis at mu/0.80 [std]. Population cross-check [REG-R38]: implied e(40) 46.4 M / 50.3 F on the annuity basis against 41.9 / 47.4 for the whole population"
F,49,0.0016319112,0.0013057422,"[std] Makeham mu(x) = A + B*c^(x-65) on boheom nai, A = 0.0002, c = 1.10, B = 0.007040013548 (M) / 0.004803209921 (F); ann_mort_rate is the yeongeum saengmyeongpyo proxy fitted to the 65-se gidae yeomyeong of [REG-R33], mort_rate is the samang boheom basis at mu/0.80 [std]. Population cross-check [REG-R38]: implied e(40) 46.4 M / 50.3 F on the annuity basis against 41.9 / 47.4 for the whole population"
F,50,0.0017687724,0.0014152684,"[std] Makeham mu(x) = A + B*c^(x-65) on boheom nai, A = 0.0002, c = 1.10, B = 0.007040013548 (M) / 0.004803209921 (F); ann_mort_rate is the yeongeum saengmyeongpyo proxy fitted to the 65-se gidae yeomyeong of [REG-R33], mort_rate is the samang boheom basis at mu/0.80 [std]. Population cross-check [REG-R38]: implied e(40) 46.4 M / 50.3 F on the annuity basis against 41.9 / 47.4 for the whole population"
F,51,0.0019192980,0.0015357333,"[std] Makeham mu(x) = A + B*c^(x-65) on boheom nai, A = 0.0002, c = 1.10, B = 0.007040013548 (M) / 0.004803209921 (F); ann_mort_rate is the yeongeum saengmyeongpyo proxy fitted to the 65-se gidae yeomyeong of [REG-R33], mort_rate is the samang boheom basis at mu/0.80 [std]. Population cross-check [REG-R38]: implied e(40) 46.4 M / 50.3 F on the annuity basis against 41.9 / 47.4 for the whole population"
F,52,0.0020848500,0.0016682280,"[std] Makeham mu(x) = A + B*c^(x-65) on boheom nai, A = 0.0002, c = 1.10, B = 0.007040013548 (M) / 0.004803209921 (F); ann_mort_rate is the yeongeum saengmyeongpyo proxy fitted to the 65-se gidae yeomyeong of [REG-R33], mort_rate is the samang boheom basis at mu/0.80 [std]. Population cross-check [REG-R38]: implied e(40) 46.4 M / 50.3 F on the annuity basis against 41.9 / 47.4 for the whole population"
F,53,0.0022669254,0.0018139518,"[std] Makeham mu(x) = A + B*c^(x-65) on boheom nai, A = 0.0002, c = 1.10, B = 0.007040013548 (M) / 0.004803209921 (F); ann_mort_rate is the yeongeum saengmyeongpyo proxy fitted to the 65-se gidae yeomyeong of [REG-R33], mort_rate is the samang boheom basis at mu/0.80 [std]. Population cross-check [REG-R38]: implied e(40) 46.4 M / 50.3 F on the annuity basis against 41.9 / 47.4 for the whole population"
F,54,0.0024671700,0.0019742235,"[std] Makeham mu(x) = A + B*c^(x-65) on boheom nai, A = 0.0002, c = 1.10, B = 0.007040013548 (M) / 0.004803209921 (F); ann_mort_rate is the yeongeum saengmyeongpyo proxy fitted to the 65-se gidae yeomyeong of [REG-R33], mort_rate is the samang boheom basis at mu/0.80 [std]. Population cross-check [REG-R38]: implied e(40) 46.4 M / 50.3 F on the annuity basis against 41.9 / 47.4 for the whole population"
F,55,0.0026873927,0.0021504926,"[std] Makeham mu(x) = A + B*c^(x-65) on boheom nai, A = 0.0002, c = 1.10, B = 0.007040013548 (M) / 0.004803209921 (F); ann_mort_rate is the yeongeum saengmyeongpyo proxy fitted to the 65-se gidae yeomyeong of [REG-R33], mort_rate is the samang boheom basis at mu/0.80 [std]. Population cross-check [REG-R38]: implied e(40) 46.4 M / 50.3 F on the annuity basis against 41.9 / 47.4 for the whole population"
F,56,0.0029295815,0.0023443526,"[std] Makeham mu(x) = A + B*c^(x-65) on boheom nai, A = 0.0002, c = 1.10, B = 0.007040013548 (M) / 0.004803209921 (F); ann_mort_rate is the yeongeum saengmyeongpyo proxy fitted to the 65-se gidae yeomyeong of [REG-R33], mort_rate is the samang boheom basis at mu/0.80 [std]. Population cross-check [REG-R38]: implied e(40) 46.4 M / 50.3 F on the annuity basis against 41.9 / 47.4 for the whole population"
F,57,0.0031959212,0.0025575551,"[std] Makeham mu(x) = A + B*c^(x-65) on boheom nai, A = 0.0002, c = 1.10, B = 0.007040013548 (M) / 0.004803209921 (F); ann_mort_rate is the yeongeum saengmyeongpyo proxy fitted to the 65-se gidae yeomyeong of [REG-R33], mort_rate is the samang boheom basis at mu/0.80 [std]. Population cross-check [REG-R38]: implied e(40) 46.4 M / 50.3 F on the annuity basis against 41.9 / 47.4 for the whole population"
F,58,0.0034888127,0.0027920253,"[std] Makeham mu(x) = A + B*c^(x-65) on boheom nai, A = 0.0002, c = 1.10, B = 0.007040013548 (M) / 0.004803209921 (F); ann_mort_rate is the yeongeum saengmyeongpyo proxy fitted to the 65-se gidae yeomyeong of [REG-R33], mort_rate is the samang boheom basis at mu/0.80 [std]. Population cross-check [REG-R38]: implied e(40) 46.4 M / 50.3 F on the annuity basis against 41.9 / 47.4 for the whole population"
F,59,0.0038108940,0.0030498788,"[std] Makeham mu(x) = A + B*c^(x-65) on boheom nai, A = 0.0002, c = 1.10, B = 0.007040013548 (M) / 0.004803209921 (F); ann_mort_rate is the yeongeum saengmyeongpyo proxy fitted to the 65-se gidae yeomyeong of [REG-R33], mort_rate is the samang boheom basis at mu/0.80 [std]. Population cross-check [REG-R38]: implied e(40) 46.4 M / 50.3 F on the annuity basis against 41.9 / 47.4 for the whole population"
F,60,0.0041650632,0.0033334407,"[std] Makeham mu(x) = A + B*c^(x-65) on boheom nai, A = 0.0002, c = 1.10, B = 0.007040013548 (M) / 0.004803209921 (F); ann_mort_rate is the yeongeum saengmyeongpyo proxy fitted to the 65-se gidae yeomyeong of [REG-R33], mort_rate is the samang boheom basis at mu/0.80 [std]. Population cross-check [REG-R38]: implied e(40) 46.4 M / 50.3 F on the annuity basis against 41.9 / 47.4 for the whole population"
F,61,0.0045545038,0.0036452656,"[std] Makeham mu(x) = A + B*c^(x-65) on boheom nai, A = 0.0002, c = 1.10, B = 0.007040013548 (M) / 0.004803209921 (F); ann_mort_rate is the yeongeum saengmyeongpyo proxy fitted to the 65-se gidae yeomyeong of [REG-R33], mort_rate is the samang boheom basis at mu/0.80 [std]. Population cross-check [REG-R38]: implied e(40) 46.4 M / 50.3 F on the annuity basis against 41.9 / 47.4 for the whole population"
F,62,0.0049827127,0.0039881603,"[std] Makeham mu(x) = A + B*c^(x-65) on boheom nai, A = 0.0002, c = 1.10, B = 0.007040013548 (M) / 0.004803209921 (F); ann_mort_rate is the yeongeum saengmyeongpyo proxy fitted to the 65-se gidae yeomyeong of [REG-R33], mort_rate is the samang boheom basis at mu/0.80 [std]. Population cross-check [REG-R38]: implied e(40) 46.4 M / 50.3 F on the annuity basis against 41.9 / 47.4 for the whole population"
F,63,0.0054535296,0.0043652082,"[std] Makeham mu(x) = A + B*c^(x-65) on boheom nai, A = 0.0002, c = 1.10, B = 0.007040013548 (M) / 0.004803209921 (F); ann_mort_rate is the yeongeum saengmyeongpyo proxy fitted to the 65-se gidae yeomyeong of [REG-R33], mort_rate is the samang boheom basis at mu/0.80 [std]. Population cross-check [REG-R38]: implied e(40) 46.4 M / 50.3 F on the annuity basis against 41.9 / 47.4 for the whole population"
F,64,0.0059711710,0.0047797960,"[std] Makeham mu(x) = A + B*c^(x-65) on boheom nai, A = 0.0002, c = 1.10, B = 0.007040013548 (M) / 0.004803209921 (F); ann_mort_rate is the yeongeum saengmyeongpyo proxy fitted to the 65-se gidae yeomyeong of [REG-R33], mort_rate is the samang boheom basis at mu/0.80 [std]. Population cross-check [REG-R38]: implied e(40) 46.4 M / 50.3 F on the annuity basis against 41.9 / 47.4 for the whole population"
F,65,0.0065402653,0.0052356432,"[REG-R33] ANCHOR row: B solved so the complete expectation of life at 65 on the ann_mort_rate basis is exactly the 10th KIDI gyeongheom saengmyeongpyo 65-se gidae yeomyeong, 23.7 years male / 27.1 female. The gyeongheom saengmyeongpyo qx table is NOT published [REG-R34] and this file must never be presented as it"
F,66,0.0071658927,0.0057368340,"[std] Makeham mu(x) = A + B*c^(x-65) on boheom nai, A = 0.0002, c = 1.10, B = 0.007040013548 (M) / 0.004803209921 (F); ann_mort_rate is the yeongeum saengmyeongpyo proxy fitted to the 65-se gidae yeomyeong of [REG-R33], mort_rate is the samang boheom basis at mu/0.80 [std]. Population cross-check [REG-R38]: implied e(40) 46.4 M / 50.3 F on the annuity basis against 41.9 / 47.4 for the whole population"
F,67,0.0078536278,0.0062878522,"[std] Makeham mu(x) = A + B*c^(x-65) on boheom nai, A = 0.0002, c = 1.10, B = 0.007040013548 (M) / 0.004803209921 (F); ann_mort_rate is the yeongeum saengmyeongpyo proxy fitted to the 65-se gidae yeomyeong of [REG-R33], mort_rate is the samang boheom basis at mu/0.80 [std]. Population cross-check [REG-R38]: implied e(40) 46.4 M / 50.3 F on the annuity basis against 41.9 / 47.4 for the whole population"
F,68,0.0086095862,0.0068936195,"[std] Makeham mu(x) = A + B*c^(x-65) on boheom nai, A = 0.0002, c = 1.10, B = 0.007040013548 (M) / 0.004803209921 (F); ann_mort_rate is the yeongeum saengmyeongpyo proxy fitted to the 65-se gidae yeomyeong of [REG-R33], mort_rate is the samang boheom basis at mu/0.80 [std]. Population cross-check [REG-R38]: implied e(40) 46.4 M / 50.3 F on the annuity basis against 41.9 / 47.4 for the whole population"
F,69,0.0094404752,0.0075595370,"[std] Makeham mu(x) = A + B*c^(x-65) on boheom nai, A = 0.0002, c = 1.10, B = 0.007040013548 (M) / 0.004803209921 (F); ann_mort_rate is the yeongeum saengmyeongpyo proxy fitted to the 65-se gidae yeomyeong of [REG-R33], mort_rate is the samang boheom basis at mu/0.80 [std]. Population cross-check [REG-R38]: implied e(40) 46.4 M / 50.3 F on the annuity basis against 41.9 / 47.4 for the whole population"
F,70,0.0103536488,0.0082915306,"[std] Makeham mu(x) = A + B*c^(x-65) on boheom nai, A = 0.0002, c = 1.10, B = 0.007040013548 (M) / 0.004803209921 (F); ann_mort_rate is the yeongeum saengmyeongpyo proxy fitted to the 65-se gidae yeomyeong of [REG-R33], mort_rate is the samang boheom basis at mu/0.80 [std]. Population cross-check [REG-R38]: implied e(40) 46.4 M / 50.3 F on the annuity basis against 41.9 / 47.4 for the whole population"
F,71,0.0113571675,0.0090961000,"[std] Makeham mu(x) = A + B*c^(x-65) on boheom nai, A = 0.0002, c = 1.10, B = 0.007040013548 (M) / 0.004803209921 (F); ann_mort_rate is the yeongeum saengmyeongpyo proxy fitted to the 65-se gidae yeomyeong of [REG-R33], mort_rate is the samang boheom basis at mu/0.80 [std]. Population cross-check [REG-R38]: implied e(40) 46.4 M / 50.3 F on the annuity basis against 41.9 / 47.4 for the whole population"
F,72,0.0124598628,0.0099803724,"[std] Makeham mu(x) = A + B*c^(x-65) on boheom nai, A = 0.0002, c = 1.10, B = 0.007040013548 (M) / 0.004803209921 (F); ann_mort_rate is the yeongeum saengmyeongpyo proxy fitted to the 65-se gidae yeomyeong of [REG-R33], mort_rate is the samang boheom basis at mu/0.80 [std]. Population cross-check [REG-R38]: implied e(40) 46.4 M / 50.3 F on the annuity basis against 41.9 / 47.4 for the whole population"
F,73,0.0136714071,0.0109521607,"[std] Makeham mu(x) = A + B*c^(x-65) on boheom nai, A = 0.0002, c = 1.10, B = 0.007040013548 (M) / 0.004803209921 (F); ann_mort_rate is the yeongeum saengmyeongpyo proxy fitted to the 65-se gidae yeomyeong of [REG-R33], mort_rate is the samang boheom basis at mu/0.80 [std]. Population cross-check [REG-R38]: implied e(40) 46.4 M / 50.3 F on the annuity basis against 41.9 / 47.4 for the whole population"
F,74,0.0150023892,0.0120200260,"[std] Makeham mu(x) = A + B*c^(x-65) on boheom nai, A = 0.0002, c = 1.10, B = 0.007040013548 (M) / 0.004803209921 (F); ann_mort_rate is the yeongeum saengmyeongpyo proxy fitted to the 65-se gidae yeomyeong of [REG-R33], mort_rate is the samang boheom basis at mu/0.80 [std]. Population cross-check [REG-R38]: implied e(40) 46.4 M / 50.3 F on the annuity basis against 41.9 / 47.4 for the whole population"
F,75,0.0164643951,0.0131933463,"[std] Makeham mu(x) = A + B*c^(x-65) on boheom nai, A = 0.0002, c = 1.10, B = 0.007040013548 (M) / 0.004803209921 (F); ann_mort_rate is the yeongeum saengmyeongpyo proxy fitted to the 65-se gidae yeomyeong of [REG-R33], mort_rate is the samang boheom basis at mu/0.80 [std]. Population cross-check [REG-R38]: implied e(40) 46.4 M / 50.3 F on the annuity basis against 41.9 / 47.4 for the whole population"
F,76,0.0180700954,0.0144823893,"[std] Makeham mu(x) = A + B*c^(x-65) on boheom nai, A = 0.0002, c = 1.10, B = 0.007040013548 (M) / 0.004803209921 (F); ann_mort_rate is the yeongeum saengmyeongpyo proxy fitted to the 65-se gidae yeomyeong of [REG-R33], mort_rate is the samang boheom basis at mu/0.80 [std]. Population cross-check [REG-R38]: implied e(40) 46.4 M / 50.3 F on the annuity basis against 41.9 / 47.4 for the whole population"
F,77,0.0198333381,0.0158983918,"[std] Makeham mu(x) = A + B*c^(x-65) on boheom nai, A = 0.0002, c = 1.10, B = 0.007040013548 (M) / 0.004803209921 (F); ann_mort_rate is the yeongeum saengmyeongpyo proxy fitted to the 65-se gidae yeomyeong of [REG-R33], mort_rate is the samang boheom basis at mu/0.80 [std]. Population cross-check [REG-R38]: implied e(40) 46.4 M / 50.3 F on the annuity basis against 41.9 / 47.4 for the whole population"
F,78,0.0217692482,0.0174536447,"[std] Makeham mu(x) = A + B*c^(x-65) on boheom nai, A = 0.0002, c = 1.10, B = 0.007040013548 (M) / 0.004803209921 (F); ann_mort_rate is the yeongeum saengmyeongpyo proxy fitted to the 65-se gidae yeomyeong of [REG-R33], mort_rate is the samang boheom basis at mu/0.80 [std]. Population cross-check [REG-R38]: implied e(40) 46.4 M / 50.3 F on the annuity basis against 41.9 / 47.4 for the whole population"
F,79,0.0238943335,0.0191615843,"[std] Makeham mu(x) = A + B*c^(x-65) on boheom nai, A = 0.0002, c = 1.10, B = 0.007040013548 (M) / 0.004803209921 (F); ann_mort_rate is the yeongeum saengmyeongpyo proxy fitted to the 65-se gidae yeomyeong of [REG-R33], mort_rate is the samang boheom basis at mu/0.80 [std]. Population cross-check [REG-R38]: implied e(40) 46.4 M / 50.3 F on the annuity basis against 41.9 / 47.4 for the whole population"
F,80,0.0262265956,0.0210368890,"[std] Makeham mu(x) = A + B*c^(x-65) on boheom nai, A = 0.0002, c = 1.10, B = 0.007040013548 (M) / 0.004803209921 (F); ann_mort_rate is the yeongeum saengmyeongpyo proxy fitted to the 65-se gidae yeomyeong of [REG-R33], mort_rate is the samang boheom basis at mu/0.80 [std]. Population cross-check [REG-R38]: implied e(40) 46.4 M / 50.3 F on the annuity basis against 41.9 / 47.4 for the whole population"
F,81,0.0287856481,0.0230955831,"[std] Makeham mu(x) = A + B*c^(x-65) on boheom nai, A = 0.0002, c = 1.10, B = 0.007040013548 (M) / 0.004803209921 (F); ann_mort_rate is the yeongeum saengmyeongpyo proxy fitted to the 65-se gidae yeomyeong of [REG-R33], mort_rate is the samang boheom basis at mu/0.80 [std]. Population cross-check [REG-R38]: implied e(40) 46.4 M / 50.3 F on the annuity basis against 41.9 / 47.4 for the whole population"
F,82,0.0315928390,0.0253551468,"[std] Makeham mu(x) = A + B*c^(x-65) on boheom nai, A = 0.0002, c = 1.10, B = 0.007040013548 (M) / 0.004803209921 (F); ann_mort_rate is the yeongeum saengmyeongpyo proxy fitted to the 65-se gidae yeomyeong of [REG-R33], mort_rate is the samang boheom basis at mu/0.80 [std]. Population cross-check [REG-R38]: implied e(40) 46.4 M / 50.3 F on the annuity basis against 41.9 / 47.4 for the whole population"
F,83,0.0346713784,0.0278346308,"[std] Makeham mu(x) = A + B*c^(x-65) on boheom nai, A = 0.0002, c = 1.10, B = 0.007040013548 (M) / 0.004803209921 (F); ann_mort_rate is the yeongeum saengmyeongpyo proxy fitted to the 65-se gidae yeomyeong of [REG-R33], mort_rate is the samang boheom basis at mu/0.80 [std]. Population cross-check [REG-R38]: implied e(40) 46.4 M / 50.3 F on the annuity basis against 41.9 / 47.4 for the whole population"
F,84,0.0380464693,0.0305547783,"[std] Makeham mu(x) = A + B*c^(x-65) on boheom nai, A = 0.0002, c = 1.10, B = 0.007040013548 (M) / 0.004803209921 (F); ann_mort_rate is the yeongeum saengmyeongpyo proxy fitted to the 65-se gidae yeomyeong of [REG-R33], mort_rate is the samang boheom basis at mu/0.80 [std]. Population cross-check [REG-R38]: implied e(40) 46.4 M / 50.3 F on the annuity basis against 41.9 / 47.4 for the whole population"
F,85,0.0417454416,0.0335381507,"[std] Makeham mu(x) = A + B*c^(x-65) on boheom nai, A = 0.0002, c = 1.10, B = 0.007040013548 (M) / 0.004803209921 (F); ann_mort_rate is the yeongeum saengmyeongpyo proxy fitted to the 65-se gidae yeomyeong of [REG-R33], mort_rate is the samang boheom basis at mu/0.80 [std]. Population cross-check [REG-R38]: implied e(40) 46.4 M / 50.3 F on the annuity basis against 41.9 / 47.4 for the whole population"
F,86,0.0457978849,0.0368092573,"[std] Makeham mu(x) = A + B*c^(x-65) on boheom nai, A = 0.0002, c = 1.10, B = 0.007040013548 (M) / 0.004803209921 (F); ann_mort_rate is the yeongeum saengmyeongpyo proxy fitted to the 65-se gidae yeomyeong of [REG-R33], mort_rate is the samang boheom basis at mu/0.80 [std]. Population cross-check [REG-R38]: implied e(40) 46.4 M / 50.3 F on the annuity basis against 41.9 / 47.4 for the whole population"
F,87,0.0502357814,0.0403946885,"[std] Makeham mu(x) = A + B*c^(x-65) on boheom nai, A = 0.0002, c = 1.10, B = 0.007040013548 (M) / 0.004803209921 (F); ann_mort_rate is the yeongeum saengmyeongpyo proxy fitted to the 65-se gidae yeomyeong of [REG-R33], mort_rate is the samang boheom basis at mu/0.80 [std]. Population cross-check [REG-R38]: implied e(40) 46.4 M / 50.3 F on the annuity basis against 41.9 / 47.4 for the whole population"
F,88,0.0550936317,0.0443232494,"[std] Makeham mu(x) = A + B*c^(x-65) on boheom nai, A = 0.0002, c = 1.10, B = 0.007040013548 (M) / 0.004803209921 (F); ann_mort_rate is the yeongeum saengmyeongpyo proxy fitted to the 65-se gidae yeomyeong of [REG-R33], mort_rate is the samang boheom basis at mu/0.80 [std]. Population cross-check [REG-R38]: implied e(40) 46.4 M / 50.3 F on the annuity basis against 41.9 / 47.4 for the whole population"
F,89,0.0604085738,0.0486260927,"[std] Makeham mu(x) = A + B*c^(x-65) on boheom nai, A = 0.0002, c = 1.10, B = 0.007040013548 (M) / 0.004803209921 (F); ann_mort_rate is the yeongeum saengmyeongpyo proxy fitted to the 65-se gidae yeomyeong of [REG-R33], mort_rate is the samang boheom basis at mu/0.80 [std]. Population cross-check [REG-R38]: implied e(40) 46.4 M / 50.3 F on the annuity basis against 41.9 / 47.4 for the whole population"
F,90,0.0662204871,0.0533368478,"[std] Makeham mu(x) = A + B*c^(x-65) on boheom nai, A = 0.0002, c = 1.10, B = 0.007040013548 (M) / 0.004803209921 (F); ann_mort_rate is the yeongeum saengmyeongpyo proxy fitted to the 65-se gidae yeomyeong of [REG-R33], mort_rate is the samang boheom basis at mu/0.80 [std]. Population cross-check [REG-R38]: implied e(40) 46.4 M / 50.3 F on the annuity basis against 41.9 / 47.4 for the whole population"
F,91,0.0725720780,0.0584917419,"[std] Makeham mu(x) = A + B*c^(x-65) on boheom nai, A = 0.0002, c = 1.10, B = 0.007040013548 (M) / 0.004803209921 (F); ann_mort_rate is the yeongeum saengmyeongpyo proxy fitted to the 65-se gidae yeomyeong of [REG-R33], mort_rate is the samang boheom basis at mu/0.80 [std]. Population cross-check [REG-R38]: implied e(40) 46.4 M / 50.3 F on the annuity basis against 41.9 / 47.4 for the whole population"
F,92,0.0795089391,0.0641297104,"[std] Makeham mu(x) = A + B*c^(x-65) on boheom nai, A = 0.0002, c = 1.10, B = 0.007040013548 (M) / 0.004803209921 (F); ann_mort_rate is the yeongeum saengmyeongpyo proxy fitted to the 65-se gidae yeomyeong of [REG-R33], mort_rate is the samang boheom basis at mu/0.80 [std]. Population cross-check [REG-R38]: implied e(40) 46.4 M / 50.3 F on the annuity basis against 41.9 / 47.4 for the whole population"
F,93,0.0870795735,0.0702924890,"[std] Makeham mu(x) = A + B*c^(x-65) on boheom nai, A = 0.0002, c = 1.10, B = 0.007040013548 (M) / 0.004803209921 (F); ann_mort_rate is the yeongeum saengmyeongpyo proxy fitted to the 65-se gidae yeomyeong of [REG-R33], mort_rate is the samang boheom basis at mu/0.80 [std]. Population cross-check [REG-R38]: implied e(40) 46.4 M / 50.3 F on the annuity basis against 41.9 / 47.4 for the whole population"
F,94,0.0953353749,0.0770246832,"[std] Makeham mu(x) = A + B*c^(x-65) on boheom nai, A = 0.0002, c = 1.10, B = 0.007040013548 (M) / 0.004803209921 (F); ann_mort_rate is the yeongeum saengmyeongpyo proxy fitted to the 65-se gidae yeomyeong of [REG-R33], mort_rate is the samang boheom basis at mu/0.80 [std]. Population cross-check [REG-R38]: implied e(40) 46.4 M / 50.3 F on the annuity basis against 41.9 / 47.4 for the whole population"
F,95,0.1043305506,0.0843738051,"[std] Makeham mu(x) = A + B*c^(x-65) on boheom nai, A = 0.0002, c = 1.10, B = 0.007040013548 (M) / 0.004803209921 (F); ann_mort_rate is the yeongeum saengmyeongpyo proxy fitted to the 65-se gidae yeomyeong of [REG-R33], mort_rate is the samang boheom basis at mu/0.80 [std]. Population cross-check [REG-R38]: implied e(40) 46.4 M / 50.3 F on the annuity basis against 41.9 / 47.4 for the whole population"
F,96,0.1141219751,0.0923902702,"[std] Makeham mu(x) = A + B*c^(x-65) on boheom nai, A = 0.0002, c = 1.10, B = 0.007040013548 (M) / 0.004803209921 (F); ann_mort_rate is the yeongeum saengmyeongpyo proxy fitted to the 65-se gidae yeomyeong of [REG-R33], mort_rate is the samang boheom basis at mu/0.80 [std]. Population cross-check [REG-R38]: implied e(40) 46.4 M / 50.3 F on the annuity basis against 41.9 / 47.4 for the whole population"
F,97,0.1247689566,0.1011273413,"[std] Makeham mu(x) = A + B*c^(x-65) on boheom nai, A = 0.0002, c = 1.10, B = 0.007040013548 (M) / 0.004803209921 (F); ann_mort_rate is the yeongeum saengmyeongpyo proxy fitted to the 65-se gidae yeomyeong of [REG-R33], mort_rate is the samang boheom basis at mu/0.80 [std]. Population cross-check [REG-R38]: implied e(40) 46.4 M / 50.3 F on the annuity basis against 41.9 / 47.4 for the whole population"
F,98,0.1363329001,0.1106410070,"[std] Makeham mu(x) = A + B*c^(x-65) on boheom nai, A = 0.0002, c = 1.10, B = 0.007040013548 (M) / 0.004803209921 (F); ann_mort_rate is the yeongeum saengmyeongpyo proxy fitted to the 65-se gidae yeomyeong of [REG-R33], mort_rate is the samang boheom basis at mu/0.80 [std]. Population cross-check [REG-R38]: implied e(40) 46.4 M / 50.3 F on the annuity basis against 41.9 / 47.4 for the whole population"
F,99,0.1488768458,0.1209897805,"[std] Makeham mu(x) = A + B*c^(x-65) on boheom nai, A = 0.0002, c = 1.10, B = 0.007040013548 (M) / 0.004803209921 (F); ann_mort_rate is the yeongeum saengmyeongpyo proxy fitted to the 65-se gidae yeomyeong of [REG-R33], mort_rate is the samang boheom basis at mu/0.80 [std]. Population cross-check [REG-R38]: implied e(40) 46.4 M / 50.3 F on the annuity basis against 41.9 / 47.4 for the whole population"
F,100,0.1624648601,0.1322343997,"[std] Makeham mu(x) = A + B*c^(x-65) on boheom nai, A = 0.0002, c = 1.10, B = 0.007040013548 (M) / 0.004803209921 (F); ann_mort_rate is the yeongeum saengmyeongpyo proxy fitted to the 65-se gidae yeomyeong of [REG-R33], mort_rate is the samang boheom basis at mu/0.80 [std]. Population cross-check [REG-R38]: implied e(40) 46.4 M / 50.3 F on the annuity basis against 41.9 / 47.4 for the whole population"
F,101,0.1771612555,0.1444374105,"[std] Makeham mu(x) = A + B*c^(x-65) on boheom nai, A = 0.0002, c = 1.10, B = 0.007040013548 (M) / 0.004803209921 (F); ann_mort_rate is the yeongeum saengmyeongpyo proxy fitted to the 65-se gidae yeomyeong of [REG-R33], mort_rate is the samang boheom basis at mu/0.80 [std]. Population cross-check [REG-R38]: implied e(40) 46.4 M / 50.3 F on the annuity basis against 41.9 / 47.4 for the whole population"
F,102,0.1930296134,0.1576626111,"[std] Makeham mu(x) = A + B*c^(x-65) on boheom nai, A = 0.0002, c = 1.10, B = 0.007040013548 (M) / 0.004803209921 (F); ann_mort_rate is the yeongeum saengmyeongpyo proxy fitted to the 65-se gidae yeomyeong of [REG-R33], mort_rate is the samang boheom basis at mu/0.80 [std]. Population cross-check [REG-R38]: implied e(40) 46.4 M / 50.3 F on the annuity basis against 41.9 / 47.4 for the whole population"
F,103,0.2101315825,0.1719743328,"[std] Makeham mu(x) = A + B*c^(x-65) on boheom nai, A = 0.0002, c = 1.10, B = 0.007040013548 (M) / 0.004803209921 (F); ann_mort_rate is the yeongeum saengmyeongpyo proxy fitted to the 65-se gidae yeomyeong of [REG-R33], mort_rate is the samang boheom basis at mu/0.80 [std]. Population cross-check [REG-R38]: implied e(40) 46.4 M / 50.3 F on the annuity basis against 41.9 / 47.4 for the whole population"
F,104,0.2285254290,0.1874365329,"[std] Makeham mu(x) = A + B*c^(x-65) on boheom nai, A = 0.0002, c = 1.10, B = 0.007040013548 (M) / 0.004803209921 (F); ann_mort_rate is the yeongeum saengmyeongpyo proxy fitted to the 65-se gidae yeomyeong of [REG-R33], mort_rate is the samang boheom basis at mu/0.80 [std]. Population cross-check [REG-R38]: implied e(40) 46.4 M / 50.3 F on the annuity basis against 41.9 / 47.4 for the whole population"
F,105,0.2482643115,0.2041116731,"[std] Makeham mu(x) = A + B*c^(x-65) on boheom nai, A = 0.0002, c = 1.10, B = 0.007040013548 (M) / 0.004803209921 (F); ann_mort_rate is the yeongeum saengmyeongpyo proxy fitted to the 65-se gidae yeomyeong of [REG-R33], mort_rate is the samang boheom basis at mu/0.80 [std]. Population cross-check [REG-R38]: implied e(40) 46.4 M / 50.3 F on the annuity basis against 41.9 / 47.4 for the whole population"
F,106,0.2693942644,0.2220593564,"[std] Makeham mu(x) = A + B*c^(x-65) on boheom nai, A = 0.0002, c = 1.10, B = 0.007040013548 (M) / 0.004803209921 (F); ann_mort_rate is the yeongeum saengmyeongpyo proxy fitted to the 65-se gidae yeomyeong of [REG-R33], mort_rate is the samang boheom basis at mu/0.80 [std]. Population cross-check [REG-R38]: implied e(40) 46.4 M / 50.3 F on the annuity basis against 41.9 / 47.4 for the whole population"
F,107,0.2919518757,0.2413346989,"[std] Makeham mu(x) = A + B*c^(x-65) on boheom nai, A = 0.0002, c = 1.10, B = 0.007040013548 (M) / 0.004803209921 (F); ann_mort_rate is the yeongeum saengmyeongpyo proxy fitted to the 65-se gidae yeomyeong of [REG-R33], mort_rate is the samang boheom basis at mu/0.80 [std]. Population cross-check [REG-R38]: implied e(40) 46.4 M / 50.3 F on the annuity basis against 41.9 / 47.4 for the whole population"
F,108,0.3159616576,0.2619864141,"[std] Makeham mu(x) = A + B*c^(x-65) on boheom nai, A = 0.0002, c = 1.10, B = 0.007040013548 (M) / 0.004803209921 (F); ann_mort_rate is the yeongeum saengmyeongpyo proxy fitted to the 65-se gidae yeomyeong of [REG-R33], mort_rate is the samang boheom basis at mu/0.80 [std]. Population cross-check [REG-R38]: implied e(40) 46.4 M / 50.3 F on the annuity basis against 41.9 / 47.4 for the whole population"
F,109,0.3414331256,0.2840545957,"[std] Makeham mu(x) = A + B*c^(x-65) on boheom nai, A = 0.0002, c = 1.10, B = 0.007040013548 (M) / 0.004803209921 (F); ann_mort_rate is the yeongeum saengmyeongpyo proxy fitted to the 65-se gidae yeomyeong of [REG-R33], mort_rate is the samang boheom basis at mu/0.80 [std]. Population cross-check [REG-R38]: implied e(40) 46.4 M / 50.3 F on the annuity basis against 41.9 / 47.4 for the whole population"
F,110,0.3683576191,0.3075681923,"[std] Makeham mu(x) = A + B*c^(x-65) on boheom nai, A = 0.0002, c = 1.10, B = 0.007040013548 (M) / 0.004803209921 (F); ann_mort_rate is the yeongeum saengmyeongpyo proxy fitted to the 65-se gidae yeomyeong of [REG-R33], mort_rate is the samang boheom basis at mu/0.80 [std]. Population cross-check [REG-R38]: implied e(40) 46.4 M / 50.3 F on the annuity basis against 41.9 / 47.4 for the whole population"
F,111,0.3967049254,0.3325421829,"[std] Makeham mu(x) = A + B*c^(x-65) on boheom nai, A = 0.0002, c = 1.10, B = 0.007040013548 (M) / 0.004803209921 (F); ann_mort_rate is the yeongeum saengmyeongpyo proxy fitted to the 65-se gidae yeomyeong of [REG-R33], mort_rate is the samang boheom basis at mu/0.80 [std]. Population cross-check [REG-R38]: implied e(40) 46.4 M / 50.3 F on the annuity basis against 41.9 / 47.4 for the whole population"
F,112,0.4264198024,0.3589744803,"[std] Makeham mu(x) = A + B*c^(x-65) on boheom nai, A = 0.0002, c = 1.10, B = 0.007040013548 (M) / 0.004803209921 (F); ann_mort_rate is the yeongeum saengmyeongpyo proxy fitted to the 65-se gidae yeomyeong of [REG-R33], mort_rate is the samang boheom basis at mu/0.80 [std]. Population cross-check [REG-R38]: implied e(40) 46.4 M / 50.3 F on the annuity basis against 41.9 / 47.4 for the whole population"
F,113,0.4574185325,0.3868426132,"[std] Makeham mu(x) = A + B*c^(x-65) on boheom nai, A = 0.0002, c = 1.10, B = 0.007040013548 (M) / 0.004803209921 (F); ann_mort_rate is the yeongeum saengmyeongpyo proxy fitted to the 65-se gidae yeomyeong of [REG-R33], mort_rate is the samang boheom basis at mu/0.80 [std]. Population cross-check [REG-R38]: implied e(40) 46.4 M / 50.3 F on the annuity basis against 41.9 / 47.4 for the whole population"
F,114,0.4895856886,0.4161002700,"[std] Makeham mu(x) = A + B*c^(x-65) on boheom nai, A = 0.0002, c = 1.10, B = 0.007040013548 (M) / 0.004803209921 (F); ann_mort_rate is the yeongeum saengmyeongpyo proxy fitted to the 65-se gidae yeomyeong of [REG-R33], mort_rate is the samang boheom basis at mu/0.80 [std]. Population cross-check [REG-R38]: implied e(40) 46.4 M / 50.3 F on the annuity basis against 41.9 / 47.4 for the whole population"
F,115,0.5227713383,0.4466738247,"[std] Makeham mu(x) = A + B*c^(x-65) on boheom nai, A = 0.0002, c = 1.10, B = 0.007040013548 (M) / 0.004803209921 (F); ann_mort_rate is the yeongeum saengmyeongpyo proxy fitted to the 65-se gidae yeomyeong of [REG-R33], mort_rate is the samang boheom basis at mu/0.80 [std]. Population cross-check [REG-R38]: implied e(40) 46.4 M / 50.3 F on the annuity basis against 41.9 / 47.4 for the whole population"
F,116,0.5567889675,0.4784590065,"[std] Makeham mu(x) = A + B*c^(x-65) on boheom nai, A = 0.0002, c = 1.10, B = 0.007040013548 (M) / 0.004803209921 (F); ann_mort_rate is the yeongeum saengmyeongpyo proxy fitted to the 65-se gidae yeomyeong of [REG-R33], mort_rate is the samang boheom basis at mu/0.80 [std]. Population cross-check [REG-R38]: implied e(40) 46.4 M / 50.3 F on the annuity basis against 41.9 / 47.4 for the whole population"
F,117,0.5914144435,0.5113179262,"[std] Makeham mu(x) = A + B*c^(x-65) on boheom nai, A = 0.0002, c = 1.10, B = 0.007040013548 (M) / 0.004803209921 (F); ann_mort_rate is the yeongeum saengmyeongpyo proxy fitted to the 65-se gidae yeomyeong of [REG-R33], mort_rate is the samang boheom basis at mu/0.80 [std]. Population cross-check [REG-R38]: implied e(40) 46.4 M / 50.3 F on the annuity basis against 41.9 / 47.4 for the whole population"
F,118,0.6263863775,0.5450767194,"[std] Makeham mu(x) = A + B*c^(x-65) on boheom nai, A = 0.0002, c = 1.10, B = 0.007040013548 (M) / 0.004803209921 (F); ann_mort_rate is the yeongeum saengmyeongpyo proxy fitted to the 65-se gidae yeomyeong of [REG-R33], mort_rate is the samang boheom basis at mu/0.80 [std]. Population cross-check [REG-R38]: implied e(40) 46.4 M / 50.3 F on the annuity basis against 41.9 / 47.4 for the whole population"
F,119,0.6614082556,0.5795241164,"[std] Makeham mu(x) = A + B*c^(x-65) on boheom nai, A = 0.0002, c = 1.10, B = 0.007040013548 (M) / 0.004803209921 (F); ann_mort_rate is the yeongeum saengmyeongpyo proxy fitted to the 65-se gidae yeomyeong of [REG-R33], mort_rate is the samang boheom basis at mu/0.80 [std]. Population cross-check [REG-R38]: implied e(40) 46.4 M / 50.3 F on the annuity basis against 41.9 / 47.4 for the whole population"
F,120,1.0000000000,1.0000000000,"[std] terminal age of the shipped table: q(120) = 1 by construction, so no life survives it. omega_age = 120 is [std]"
