age,mort_rate_actv,mort_rate_dis,provenance
18,0.000117787,0.000471148,[std] Gompertz proxies 0.00035 x 1.095^(age-30) active and 4.00x that disabled; DAV 2008 T [R17] and DAV 1997 TI [R16] are not shipped
19,0.000128977,0.000515908,[std] Gompertz proxies 0.00035 x 1.095^(age-30) active and 4.00x that disabled; DAV 2008 T [R17] and DAV 1997 TI [R16] are not shipped
20,0.000141230,0.000564920,[std] Gompertz proxies 0.00035 x 1.095^(age-30) active and 4.00x that disabled; DAV 2008 T [R17] and DAV 1997 TI [R16] are not shipped
21,0.000154647,0.000618588,[std] Gompertz proxies 0.00035 x 1.095^(age-30) active and 4.00x that disabled; DAV 2008 T [R17] and DAV 1997 TI [R16] are not shipped
22,0.000169338,0.000677352,[std] Gompertz proxies 0.00035 x 1.095^(age-30) active and 4.00x that disabled; DAV 2008 T [R17] and DAV 1997 TI [R16] are not shipped
23,0.000185425,0.000741700,[std] Gompertz proxies 0.00035 x 1.095^(age-30) active and 4.00x that disabled; DAV 2008 T [R17] and DAV 1997 TI [R16] are not shipped
24,0.000203041,0.000812164,[std] Gompertz proxies 0.00035 x 1.095^(age-30) active and 4.00x that disabled; DAV 2008 T [R17] and DAV 1997 TI [R16] are not shipped
25,0.000222330,0.000889320,[std] Gompertz proxies 0.00035 x 1.095^(age-30) active and 4.00x that disabled; DAV 2008 T [R17] and DAV 1997 TI [R16] are not shipped
26,0.000243451,0.000973804,[std] Gompertz proxies 0.00035 x 1.095^(age-30) active and 4.00x that disabled; DAV 2008 T [R17] and DAV 1997 TI [R16] are not shipped
27,0.000266579,0.001066316,[std] Gompertz proxies 0.00035 x 1.095^(age-30) active and 4.00x that disabled; DAV 2008 T [R17] and DAV 1997 TI [R16] are not shipped
28,0.000291904,0.001167616,[std] Gompertz proxies 0.00035 x 1.095^(age-30) active and 4.00x that disabled; DAV 2008 T [R17] and DAV 1997 TI [R16] are not shipped
29,0.000319635,0.001278540,[std] Gompertz proxies 0.00035 x 1.095^(age-30) active and 4.00x that disabled; DAV 2008 T [R17] and DAV 1997 TI [R16] are not shipped
30,0.000350000,0.001400000,"[std] anchor of both proxies and of the worked example: mort_rate_actv(30) = 0.000350, disabled exactly 4.00x it [R17] [R16]"
31,0.000383250,0.001533000,[std] Gompertz proxies 0.00035 x 1.095^(age-30) active and 4.00x that disabled; DAV 2008 T [R17] and DAV 1997 TI [R16] are not shipped
32,0.000419659,0.001678636,[std] Gompertz proxies 0.00035 x 1.095^(age-30) active and 4.00x that disabled; DAV 2008 T [R17] and DAV 1997 TI [R16] are not shipped
33,0.000459526,0.001838104,[std] Gompertz proxies 0.00035 x 1.095^(age-30) active and 4.00x that disabled; DAV 2008 T [R17] and DAV 1997 TI [R16] are not shipped
34,0.000503181,0.002012724,[std] Gompertz proxies 0.00035 x 1.095^(age-30) active and 4.00x that disabled; DAV 2008 T [R17] and DAV 1997 TI [R16] are not shipped
35,0.000550984,0.002203936,[std] Gompertz proxies 0.00035 x 1.095^(age-30) active and 4.00x that disabled; DAV 2008 T [R17] and DAV 1997 TI [R16] are not shipped
36,0.000603327,0.002413308,[std] Gompertz proxies 0.00035 x 1.095^(age-30) active and 4.00x that disabled; DAV 2008 T [R17] and DAV 1997 TI [R16] are not shipped
37,0.000660643,0.002642572,[std] Gompertz proxies 0.00035 x 1.095^(age-30) active and 4.00x that disabled; DAV 2008 T [R17] and DAV 1997 TI [R16] are not shipped
38,0.000723404,0.002893616,[std] Gompertz proxies 0.00035 x 1.095^(age-30) active and 4.00x that disabled; DAV 2008 T [R17] and DAV 1997 TI [R16] are not shipped
39,0.000792128,0.003168512,[std] Gompertz proxies 0.00035 x 1.095^(age-30) active and 4.00x that disabled; DAV 2008 T [R17] and DAV 1997 TI [R16] are not shipped
40,0.000867380,0.003469520,[std] Gompertz proxies 0.00035 x 1.095^(age-30) active and 4.00x that disabled; DAV 2008 T [R17] and DAV 1997 TI [R16] are not shipped
41,0.000949781,0.003799124,[std] Gompertz proxies 0.00035 x 1.095^(age-30) active and 4.00x that disabled; DAV 2008 T [R17] and DAV 1997 TI [R16] are not shipped
42,0.001040010,0.004160040,[std] Gompertz proxies 0.00035 x 1.095^(age-30) active and 4.00x that disabled; DAV 2008 T [R17] and DAV 1997 TI [R16] are not shipped
43,0.001138811,0.004555244,[std] Gompertz proxies 0.00035 x 1.095^(age-30) active and 4.00x that disabled; DAV 2008 T [R17] and DAV 1997 TI [R16] are not shipped
44,0.001246998,0.004987992,[std] Gompertz proxies 0.00035 x 1.095^(age-30) active and 4.00x that disabled; DAV 2008 T [R17] and DAV 1997 TI [R16] are not shipped
45,0.001365463,0.005461852,[std] Gompertz proxies 0.00035 x 1.095^(age-30) active and 4.00x that disabled; DAV 2008 T [R17] and DAV 1997 TI [R16] are not shipped
46,0.001495182,0.005980728,[std] Gompertz proxies 0.00035 x 1.095^(age-30) active and 4.00x that disabled; DAV 2008 T [R17] and DAV 1997 TI [R16] are not shipped
47,0.001637224,0.006548896,[std] Gompertz proxies 0.00035 x 1.095^(age-30) active and 4.00x that disabled; DAV 2008 T [R17] and DAV 1997 TI [R16] are not shipped
48,0.001792760,0.007171040,[std] Gompertz proxies 0.00035 x 1.095^(age-30) active and 4.00x that disabled; DAV 2008 T [R17] and DAV 1997 TI [R16] are not shipped
49,0.001963072,0.007852288,[std] Gompertz proxies 0.00035 x 1.095^(age-30) active and 4.00x that disabled; DAV 2008 T [R17] and DAV 1997 TI [R16] are not shipped
50,0.002149564,0.008598256,[std] Gompertz proxies 0.00035 x 1.095^(age-30) active and 4.00x that disabled; DAV 2008 T [R17] and DAV 1997 TI [R16] are not shipped
51,0.002353773,0.009415092,[std] Gompertz proxies 0.00035 x 1.095^(age-30) active and 4.00x that disabled; DAV 2008 T [R17] and DAV 1997 TI [R16] are not shipped
52,0.002577381,0.010309524,[std] Gompertz proxies 0.00035 x 1.095^(age-30) active and 4.00x that disabled; DAV 2008 T [R17] and DAV 1997 TI [R16] are not shipped
53,0.002822232,0.011288928,[std] Gompertz proxies 0.00035 x 1.095^(age-30) active and 4.00x that disabled; DAV 2008 T [R17] and DAV 1997 TI [R16] are not shipped
54,0.003090345,0.012361380,[std] Gompertz proxies 0.00035 x 1.095^(age-30) active and 4.00x that disabled; DAV 2008 T [R17] and DAV 1997 TI [R16] are not shipped
55,0.003383927,0.013535708,[std] Gompertz proxies 0.00035 x 1.095^(age-30) active and 4.00x that disabled; DAV 2008 T [R17] and DAV 1997 TI [R16] are not shipped
56,0.003705400,0.014821600,[std] Gompertz proxies 0.00035 x 1.095^(age-30) active and 4.00x that disabled; DAV 2008 T [R17] and DAV 1997 TI [R16] are not shipped
57,0.004057413,0.016229652,[std] Gompertz proxies 0.00035 x 1.095^(age-30) active and 4.00x that disabled; DAV 2008 T [R17] and DAV 1997 TI [R16] are not shipped
58,0.004442868,0.017771472,[std] Gompertz proxies 0.00035 x 1.095^(age-30) active and 4.00x that disabled; DAV 2008 T [R17] and DAV 1997 TI [R16] are not shipped
59,0.004864940,0.019459760,[std] Gompertz proxies 0.00035 x 1.095^(age-30) active and 4.00x that disabled; DAV 2008 T [R17] and DAV 1997 TI [R16] are not shipped
60,0.005327109,0.021308436,[std] Gompertz proxies 0.00035 x 1.095^(age-30) active and 4.00x that disabled; DAV 2008 T [R17] and DAV 1997 TI [R16] are not shipped
61,0.005833185,0.023332740,[std] Gompertz proxies 0.00035 x 1.095^(age-30) active and 4.00x that disabled; DAV 2008 T [R17] and DAV 1997 TI [R16] are not shipped
62,0.006387337,0.025549348,[std] Gompertz proxies 0.00035 x 1.095^(age-30) active and 4.00x that disabled; DAV 2008 T [R17] and DAV 1997 TI [R16] are not shipped
63,0.006994134,0.027976536,[std] Gompertz proxies 0.00035 x 1.095^(age-30) active and 4.00x that disabled; DAV 2008 T [R17] and DAV 1997 TI [R16] are not shipped
64,0.007658577,0.030634308,[std] Gompertz proxies 0.00035 x 1.095^(age-30) active and 4.00x that disabled; DAV 2008 T [R17] and DAV 1997 TI [R16] are not shipped
65,0.008386142,0.033544568,[std] Gompertz proxies 0.00035 x 1.095^(age-30) active and 4.00x that disabled; DAV 2008 T [R17] and DAV 1997 TI [R16] are not shipped
66,0.009182826,0.036731304,[std] Gompertz proxies 0.00035 x 1.095^(age-30) active and 4.00x that disabled; DAV 2008 T [R17] and DAV 1997 TI [R16] are not shipped
67,0.010055194,0.040220776,[std] Gompertz proxies 0.00035 x 1.095^(age-30) active and 4.00x that disabled; DAV 2008 T [R17] and DAV 1997 TI [R16] are not shipped
68,0.011010437,0.044041748,[std] Gompertz proxies 0.00035 x 1.095^(age-30) active and 4.00x that disabled; DAV 2008 T [R17] and DAV 1997 TI [R16] are not shipped
69,0.012056429,0.048225716,[std] Gompertz proxies 0.00035 x 1.095^(age-30) active and 4.00x that disabled; DAV 2008 T [R17] and DAV 1997 TI [R16] are not shipped
70,0.013201790,0.052807160,[std] Gompertz proxies 0.00035 x 1.095^(age-30) active and 4.00x that disabled; DAV 2008 T [R17] and DAV 1997 TI [R16] are not shipped
