beh_table_id,dur,bf_rate,zuz_take_up,provenance
base,1,0.0400,0.7000,"[std] Beitragsfreistellung rate 4.0 pct policy years 1-5, 3.0 pct 6-10, 2.0 pct 11+, and Zuzahlung take-up 0.70 policy years 1-5, 0.85 6-15, 0.90 16+. dur is the policy year, duration(t) + 1. The shape is argued from the product's structure [R14]; no German insurer publishes either series (gap 3), so the levels are invented"
base,2,0.0400,0.7000,"[std] Beitragsfreistellung rate 4.0 pct policy years 1-5, 3.0 pct 6-10, 2.0 pct 11+, and Zuzahlung take-up 0.70 policy years 1-5, 0.85 6-15, 0.90 16+. dur is the policy year, duration(t) + 1. The shape is argued from the product's structure [R14]; no German insurer publishes either series (gap 3), so the levels are invented"
base,3,0.0400,0.7000,"[std] Beitragsfreistellung rate 4.0 pct policy years 1-5, 3.0 pct 6-10, 2.0 pct 11+, and Zuzahlung take-up 0.70 policy years 1-5, 0.85 6-15, 0.90 16+. dur is the policy year, duration(t) + 1. The shape is argued from the product's structure [R14]; no German insurer publishes either series (gap 3), so the levels are invented"
base,4,0.0400,0.7000,"[std] Beitragsfreistellung rate 4.0 pct policy years 1-5, 3.0 pct 6-10, 2.0 pct 11+, and Zuzahlung take-up 0.70 policy years 1-5, 0.85 6-15, 0.90 16+. dur is the policy year, duration(t) + 1. The shape is argued from the product's structure [R14]; no German insurer publishes either series (gap 3), so the levels are invented"
base,5,0.0400,0.7000,"[std] Beitragsfreistellung rate 4.0 pct policy years 1-5, 3.0 pct 6-10, 2.0 pct 11+, and Zuzahlung take-up 0.70 policy years 1-5, 0.85 6-15, 0.90 16+. dur is the policy year, duration(t) + 1. The shape is argued from the product's structure [R14]; no German insurer publishes either series (gap 3), so the levels are invented"
base,6,0.0300,0.8500,"[std] Beitragsfreistellung rate 4.0 pct policy years 1-5, 3.0 pct 6-10, 2.0 pct 11+, and Zuzahlung take-up 0.70 policy years 1-5, 0.85 6-15, 0.90 16+. dur is the policy year, duration(t) + 1. The shape is argued from the product's structure [R14]; no German insurer publishes either series (gap 3), so the levels are invented"
base,7,0.0300,0.8500,"[std] Beitragsfreistellung rate 4.0 pct policy years 1-5, 3.0 pct 6-10, 2.0 pct 11+, and Zuzahlung take-up 0.70 policy years 1-5, 0.85 6-15, 0.90 16+. dur is the policy year, duration(t) + 1. The shape is argued from the product's structure [R14]; no German insurer publishes either series (gap 3), so the levels are invented"
base,8,0.0300,0.8500,"[std] Beitragsfreistellung rate 4.0 pct policy years 1-5, 3.0 pct 6-10, 2.0 pct 11+, and Zuzahlung take-up 0.70 policy years 1-5, 0.85 6-15, 0.90 16+. dur is the policy year, duration(t) + 1. The shape is argued from the product's structure [R14]; no German insurer publishes either series (gap 3), so the levels are invented"
base,9,0.0300,0.8500,"[std] Beitragsfreistellung rate 4.0 pct policy years 1-5, 3.0 pct 6-10, 2.0 pct 11+, and Zuzahlung take-up 0.70 policy years 1-5, 0.85 6-15, 0.90 16+. dur is the policy year, duration(t) + 1. The shape is argued from the product's structure [R14]; no German insurer publishes either series (gap 3), so the levels are invented"
base,10,0.0300,0.8500,"[std] Beitragsfreistellung rate 4.0 pct policy years 1-5, 3.0 pct 6-10, 2.0 pct 11+, and Zuzahlung take-up 0.70 policy years 1-5, 0.85 6-15, 0.90 16+. dur is the policy year, duration(t) + 1. The shape is argued from the product's structure [R14]; no German insurer publishes either series (gap 3), so the levels are invented"
base,11,0.0200,0.8500,"[std] Beitragsfreistellung rate 4.0 pct policy years 1-5, 3.0 pct 6-10, 2.0 pct 11+, and Zuzahlung take-up 0.70 policy years 1-5, 0.85 6-15, 0.90 16+. dur is the policy year, duration(t) + 1. The shape is argued from the product's structure [R14]; no German insurer publishes either series (gap 3), so the levels are invented"
base,12,0.0200,0.8500,"[std] Beitragsfreistellung rate 4.0 pct policy years 1-5, 3.0 pct 6-10, 2.0 pct 11+, and Zuzahlung take-up 0.70 policy years 1-5, 0.85 6-15, 0.90 16+. dur is the policy year, duration(t) + 1. The shape is argued from the product's structure [R14]; no German insurer publishes either series (gap 3), so the levels are invented"
base,13,0.0200,0.8500,"[std] Beitragsfreistellung rate 4.0 pct policy years 1-5, 3.0 pct 6-10, 2.0 pct 11+, and Zuzahlung take-up 0.70 policy years 1-5, 0.85 6-15, 0.90 16+. dur is the policy year, duration(t) + 1. The shape is argued from the product's structure [R14]; no German insurer publishes either series (gap 3), so the levels are invented"
base,14,0.0200,0.8500,"[std] Beitragsfreistellung rate 4.0 pct policy years 1-5, 3.0 pct 6-10, 2.0 pct 11+, and Zuzahlung take-up 0.70 policy years 1-5, 0.85 6-15, 0.90 16+. dur is the policy year, duration(t) + 1. The shape is argued from the product's structure [R14]; no German insurer publishes either series (gap 3), so the levels are invented"
base,15,0.0200,0.8500,"[std] Beitragsfreistellung rate 4.0 pct policy years 1-5, 3.0 pct 6-10, 2.0 pct 11+, and Zuzahlung take-up 0.70 policy years 1-5, 0.85 6-15, 0.90 16+. dur is the policy year, duration(t) + 1. The shape is argued from the product's structure [R14]; no German insurer publishes either series (gap 3), so the levels are invented"
base,16,0.0200,0.9000,"[std] Beitragsfreistellung rate 4.0 pct policy years 1-5, 3.0 pct 6-10, 2.0 pct 11+, and Zuzahlung take-up 0.70 policy years 1-5, 0.85 6-15, 0.90 16+. dur is the policy year, duration(t) + 1. The shape is argued from the product's structure [R14]; no German insurer publishes either series (gap 3), so the levels are invented"
base,17,0.0200,0.9000,"[std] Beitragsfreistellung rate 4.0 pct policy years 1-5, 3.0 pct 6-10, 2.0 pct 11+, and Zuzahlung take-up 0.70 policy years 1-5, 0.85 6-15, 0.90 16+. dur is the policy year, duration(t) + 1. The shape is argued from the product's structure [R14]; no German insurer publishes either series (gap 3), so the levels are invented"
base,18,0.0200,0.9000,"[std] Beitragsfreistellung rate 4.0 pct policy years 1-5, 3.0 pct 6-10, 2.0 pct 11+, and Zuzahlung take-up 0.70 policy years 1-5, 0.85 6-15, 0.90 16+. dur is the policy year, duration(t) + 1. The shape is argued from the product's structure [R14]; no German insurer publishes either series (gap 3), so the levels are invented"
base,19,0.0200,0.9000,"[std] Beitragsfreistellung rate 4.0 pct policy years 1-5, 3.0 pct 6-10, 2.0 pct 11+, and Zuzahlung take-up 0.70 policy years 1-5, 0.85 6-15, 0.90 16+. dur is the policy year, duration(t) + 1. The shape is argued from the product's structure [R14]; no German insurer publishes either series (gap 3), so the levels are invented"
base,20,0.0200,0.9000,"[std] Beitragsfreistellung rate 4.0 pct policy years 1-5, 3.0 pct 6-10, 2.0 pct 11+, and Zuzahlung take-up 0.70 policy years 1-5, 0.85 6-15, 0.90 16+. dur is the policy year, duration(t) + 1. The shape is argued from the product's structure [R14]; no German insurer publishes either series (gap 3), so the levels are invented"
base,21,0.0200,0.9000,"[std] Beitragsfreistellung rate 4.0 pct policy years 1-5, 3.0 pct 6-10, 2.0 pct 11+, and Zuzahlung take-up 0.70 policy years 1-5, 0.85 6-15, 0.90 16+. dur is the policy year, duration(t) + 1. The shape is argued from the product's structure [R14]; no German insurer publishes either series (gap 3), so the levels are invented"
base,22,0.0200,0.9000,"[std] Beitragsfreistellung rate 4.0 pct policy years 1-5, 3.0 pct 6-10, 2.0 pct 11+, and Zuzahlung take-up 0.70 policy years 1-5, 0.85 6-15, 0.90 16+. dur is the policy year, duration(t) + 1. The shape is argued from the product's structure [R14]; no German insurer publishes either series (gap 3), so the levels are invented"
base,23,0.0200,0.9000,"[std] Beitragsfreistellung rate 4.0 pct policy years 1-5, 3.0 pct 6-10, 2.0 pct 11+, and Zuzahlung take-up 0.70 policy years 1-5, 0.85 6-15, 0.90 16+. dur is the policy year, duration(t) + 1. The shape is argued from the product's structure [R14]; no German insurer publishes either series (gap 3), so the levels are invented"
base,24,0.0200,0.9000,"[std] Beitragsfreistellung rate 4.0 pct policy years 1-5, 3.0 pct 6-10, 2.0 pct 11+, and Zuzahlung take-up 0.70 policy years 1-5, 0.85 6-15, 0.90 16+. dur is the policy year, duration(t) + 1. The shape is argued from the product's structure [R14]; no German insurer publishes either series (gap 3), so the levels are invented"
base,25,0.0200,0.9000,"[std] Beitragsfreistellung rate 4.0 pct policy years 1-5, 3.0 pct 6-10, 2.0 pct 11+, and Zuzahlung take-up 0.70 policy years 1-5, 0.85 6-15, 0.90 16+. dur is the policy year, duration(t) + 1. The shape is argued from the product's structure [R14]; no German insurer publishes either series (gap 3), so the levels are invented"
base,26,0.0200,0.9000,"[std] Beitragsfreistellung rate 4.0 pct policy years 1-5, 3.0 pct 6-10, 2.0 pct 11+, and Zuzahlung take-up 0.70 policy years 1-5, 0.85 6-15, 0.90 16+. dur is the policy year, duration(t) + 1. The shape is argued from the product's structure [R14]; no German insurer publishes either series (gap 3), so the levels are invented"
base,27,0.0200,0.9000,"[std] Beitragsfreistellung rate 4.0 pct policy years 1-5, 3.0 pct 6-10, 2.0 pct 11+, and Zuzahlung take-up 0.70 policy years 1-5, 0.85 6-15, 0.90 16+. dur is the policy year, duration(t) + 1. The shape is argued from the product's structure [R14]; no German insurer publishes either series (gap 3), so the levels are invented"
base,28,0.0200,0.9000,"[std] Beitragsfreistellung rate 4.0 pct policy years 1-5, 3.0 pct 6-10, 2.0 pct 11+, and Zuzahlung take-up 0.70 policy years 1-5, 0.85 6-15, 0.90 16+. dur is the policy year, duration(t) + 1. The shape is argued from the product's structure [R14]; no German insurer publishes either series (gap 3), so the levels are invented"
base,29,0.0200,0.9000,"[std] Beitragsfreistellung rate 4.0 pct policy years 1-5, 3.0 pct 6-10, 2.0 pct 11+, and Zuzahlung take-up 0.70 policy years 1-5, 0.85 6-15, 0.90 16+. dur is the policy year, duration(t) + 1. The shape is argued from the product's structure [R14]; no German insurer publishes either series (gap 3), so the levels are invented"
base,30,0.0200,0.9000,"[std] Beitragsfreistellung rate 4.0 pct policy years 1-5, 3.0 pct 6-10, 2.0 pct 11+, and Zuzahlung take-up 0.70 policy years 1-5, 0.85 6-15, 0.90 16+. dur is the policy year, duration(t) + 1. The shape is argued from the product's structure [R14]; no German insurer publishes either series (gap 3), so the levels are invented"
base,31,0.0200,0.9000,"[std] Beitragsfreistellung rate 4.0 pct policy years 1-5, 3.0 pct 6-10, 2.0 pct 11+, and Zuzahlung take-up 0.70 policy years 1-5, 0.85 6-15, 0.90 16+. dur is the policy year, duration(t) + 1. The shape is argued from the product's structure [R14]; no German insurer publishes either series (gap 3), so the levels are invented"
base,32,0.0200,0.9000,"[std] Beitragsfreistellung rate 4.0 pct policy years 1-5, 3.0 pct 6-10, 2.0 pct 11+, and Zuzahlung take-up 0.70 policy years 1-5, 0.85 6-15, 0.90 16+. dur is the policy year, duration(t) + 1. The shape is argued from the product's structure [R14]; no German insurer publishes either series (gap 3), so the levels are invented"
base,33,0.0200,0.9000,"[std] Beitragsfreistellung rate 4.0 pct policy years 1-5, 3.0 pct 6-10, 2.0 pct 11+, and Zuzahlung take-up 0.70 policy years 1-5, 0.85 6-15, 0.90 16+. dur is the policy year, duration(t) + 1. The shape is argued from the product's structure [R14]; no German insurer publishes either series (gap 3), so the levels are invented"
base,34,0.0200,0.9000,"[std] Beitragsfreistellung rate 4.0 pct policy years 1-5, 3.0 pct 6-10, 2.0 pct 11+, and Zuzahlung take-up 0.70 policy years 1-5, 0.85 6-15, 0.90 16+. dur is the policy year, duration(t) + 1. The shape is argued from the product's structure [R14]; no German insurer publishes either series (gap 3), so the levels are invented"
base,35,0.0200,0.9000,"[std] Beitragsfreistellung rate 4.0 pct policy years 1-5, 3.0 pct 6-10, 2.0 pct 11+, and Zuzahlung take-up 0.70 policy years 1-5, 0.85 6-15, 0.90 16+. dur is the policy year, duration(t) + 1. The shape is argued from the product's structure [R14]; no German insurer publishes either series (gap 3), so the levels are invented"
base,36,0.0200,0.9000,"[std] Beitragsfreistellung rate 4.0 pct policy years 1-5, 3.0 pct 6-10, 2.0 pct 11+, and Zuzahlung take-up 0.70 policy years 1-5, 0.85 6-15, 0.90 16+. dur is the policy year, duration(t) + 1. The shape is argued from the product's structure [R14]; no German insurer publishes either series (gap 3), so the levels are invented"
base,37,0.0200,0.9000,"[std] Beitragsfreistellung rate 4.0 pct policy years 1-5, 3.0 pct 6-10, 2.0 pct 11+, and Zuzahlung take-up 0.70 policy years 1-5, 0.85 6-15, 0.90 16+. dur is the policy year, duration(t) + 1. The shape is argued from the product's structure [R14]; no German insurer publishes either series (gap 3), so the levels are invented"
base,38,0.0200,0.9000,"[std] Beitragsfreistellung rate 4.0 pct policy years 1-5, 3.0 pct 6-10, 2.0 pct 11+, and Zuzahlung take-up 0.70 policy years 1-5, 0.85 6-15, 0.90 16+. dur is the policy year, duration(t) + 1. The shape is argued from the product's structure [R14]; no German insurer publishes either series (gap 3), so the levels are invented"
base,39,0.0200,0.9000,"[std] Beitragsfreistellung rate 4.0 pct policy years 1-5, 3.0 pct 6-10, 2.0 pct 11+, and Zuzahlung take-up 0.70 policy years 1-5, 0.85 6-15, 0.90 16+. dur is the policy year, duration(t) + 1. The shape is argued from the product's structure [R14]; no German insurer publishes either series (gap 3), so the levels are invented"
base,40,0.0200,0.9000,"[std] Beitragsfreistellung rate 4.0 pct policy years 1-5, 3.0 pct 6-10, 2.0 pct 11+, and Zuzahlung take-up 0.70 policy years 1-5, 0.85 6-15, 0.90 16+. dur is the policy year, duration(t) + 1. The shape is argued from the product's structure [R14]; no German insurer publishes either series (gap 3), so the levels are invented"
base,41,0.0200,0.9000,"[std] Beitragsfreistellung rate 4.0 pct policy years 1-5, 3.0 pct 6-10, 2.0 pct 11+, and Zuzahlung take-up 0.70 policy years 1-5, 0.85 6-15, 0.90 16+. dur is the policy year, duration(t) + 1. The shape is argued from the product's structure [R14]; no German insurer publishes either series (gap 3), so the levels are invented"
base,42,0.0200,0.9000,"[std] Beitragsfreistellung rate 4.0 pct policy years 1-5, 3.0 pct 6-10, 2.0 pct 11+, and Zuzahlung take-up 0.70 policy years 1-5, 0.85 6-15, 0.90 16+. dur is the policy year, duration(t) + 1. The shape is argued from the product's structure [R14]; no German insurer publishes either series (gap 3), so the levels are invented"
base,43,0.0200,0.9000,"[std] Beitragsfreistellung rate 4.0 pct policy years 1-5, 3.0 pct 6-10, 2.0 pct 11+, and Zuzahlung take-up 0.70 policy years 1-5, 0.85 6-15, 0.90 16+. dur is the policy year, duration(t) + 1. The shape is argued from the product's structure [R14]; no German insurer publishes either series (gap 3), so the levels are invented"
base,44,0.0200,0.9000,"[std] Beitragsfreistellung rate 4.0 pct policy years 1-5, 3.0 pct 6-10, 2.0 pct 11+, and Zuzahlung take-up 0.70 policy years 1-5, 0.85 6-15, 0.90 16+. dur is the policy year, duration(t) + 1. The shape is argued from the product's structure [R14]; no German insurer publishes either series (gap 3), so the levels are invented"
base,45,0.0200,0.9000,"[std] Beitragsfreistellung rate 4.0 pct policy years 1-5, 3.0 pct 6-10, 2.0 pct 11+, and Zuzahlung take-up 0.70 policy years 1-5, 0.85 6-15, 0.90 16+. dur is the policy year, duration(t) + 1. The shape is argued from the product's structure [R14]; no German insurer publishes either series (gap 3), so the levels are invented"
base,46,0.0200,0.9000,"[std] Beitragsfreistellung rate 4.0 pct policy years 1-5, 3.0 pct 6-10, 2.0 pct 11+, and Zuzahlung take-up 0.70 policy years 1-5, 0.85 6-15, 0.90 16+. dur is the policy year, duration(t) + 1. The shape is argued from the product's structure [R14]; no German insurer publishes either series (gap 3), so the levels are invented"
base,47,0.0200,0.9000,"[std] Beitragsfreistellung rate 4.0 pct policy years 1-5, 3.0 pct 6-10, 2.0 pct 11+, and Zuzahlung take-up 0.70 policy years 1-5, 0.85 6-15, 0.90 16+. dur is the policy year, duration(t) + 1. The shape is argued from the product's structure [R14]; no German insurer publishes either series (gap 3), so the levels are invented"
base,48,0.0200,0.9000,"[std] Beitragsfreistellung rate 4.0 pct policy years 1-5, 3.0 pct 6-10, 2.0 pct 11+, and Zuzahlung take-up 0.70 policy years 1-5, 0.85 6-15, 0.90 16+. dur is the policy year, duration(t) + 1. The shape is argued from the product's structure [R14]; no German insurer publishes either series (gap 3), so the levels are invented"
base,49,0.0200,0.9000,"[std] Beitragsfreistellung rate 4.0 pct policy years 1-5, 3.0 pct 6-10, 2.0 pct 11+, and Zuzahlung take-up 0.70 policy years 1-5, 0.85 6-15, 0.90 16+. dur is the policy year, duration(t) + 1. The shape is argued from the product's structure [R14]; no German insurer publishes either series (gap 3), so the levels are invented"
base,50,0.0200,0.9000,"[std] Beitragsfreistellung rate 4.0 pct policy years 1-5, 3.0 pct 6-10, 2.0 pct 11+, and Zuzahlung take-up 0.70 policy years 1-5, 0.85 6-15, 0.90 16+. dur is the policy year, duration(t) + 1. The shape is argued from the product's structure [R14]; no German insurer publishes either series (gap 3), so the levels are invented"
base,51,0.0200,0.9000,"[std] Beitragsfreistellung rate 4.0 pct policy years 1-5, 3.0 pct 6-10, 2.0 pct 11+, and Zuzahlung take-up 0.70 policy years 1-5, 0.85 6-15, 0.90 16+. dur is the policy year, duration(t) + 1. The shape is argued from the product's structure [R14]; no German insurer publishes either series (gap 3), so the levels are invented"
base,52,0.0200,0.9000,"[std] Beitragsfreistellung rate 4.0 pct policy years 1-5, 3.0 pct 6-10, 2.0 pct 11+, and Zuzahlung take-up 0.70 policy years 1-5, 0.85 6-15, 0.90 16+. dur is the policy year, duration(t) + 1. The shape is argued from the product's structure [R14]; no German insurer publishes either series (gap 3), so the levels are invented"
base,53,0.0200,0.9000,"[std] Beitragsfreistellung rate 4.0 pct policy years 1-5, 3.0 pct 6-10, 2.0 pct 11+, and Zuzahlung take-up 0.70 policy years 1-5, 0.85 6-15, 0.90 16+. dur is the policy year, duration(t) + 1. The shape is argued from the product's structure [R14]; no German insurer publishes either series (gap 3), so the levels are invented"
base,54,0.0200,0.9000,"[std] Beitragsfreistellung rate 4.0 pct policy years 1-5, 3.0 pct 6-10, 2.0 pct 11+, and Zuzahlung take-up 0.70 policy years 1-5, 0.85 6-15, 0.90 16+. dur is the policy year, duration(t) + 1. The shape is argued from the product's structure [R14]; no German insurer publishes either series (gap 3), so the levels are invented"
base,55,0.0200,0.9000,"[std] Beitragsfreistellung rate 4.0 pct policy years 1-5, 3.0 pct 6-10, 2.0 pct 11+, and Zuzahlung take-up 0.70 policy years 1-5, 0.85 6-15, 0.90 16+. dur is the policy year, duration(t) + 1. The shape is argued from the product's structure [R14]; no German insurer publishes either series (gap 3), so the levels are invented"
base,56,0.0200,0.9000,"[std] Beitragsfreistellung rate 4.0 pct policy years 1-5, 3.0 pct 6-10, 2.0 pct 11+, and Zuzahlung take-up 0.70 policy years 1-5, 0.85 6-15, 0.90 16+. dur is the policy year, duration(t) + 1. The shape is argued from the product's structure [R14]; no German insurer publishes either series (gap 3), so the levels are invented"
base,57,0.0200,0.9000,"[std] Beitragsfreistellung rate 4.0 pct policy years 1-5, 3.0 pct 6-10, 2.0 pct 11+, and Zuzahlung take-up 0.70 policy years 1-5, 0.85 6-15, 0.90 16+. dur is the policy year, duration(t) + 1. The shape is argued from the product's structure [R14]; no German insurer publishes either series (gap 3), so the levels are invented"
base,58,0.0200,0.9000,"[std] Beitragsfreistellung rate 4.0 pct policy years 1-5, 3.0 pct 6-10, 2.0 pct 11+, and Zuzahlung take-up 0.70 policy years 1-5, 0.85 6-15, 0.90 16+. dur is the policy year, duration(t) + 1. The shape is argued from the product's structure [R14]; no German insurer publishes either series (gap 3), so the levels are invented"
base,59,0.0200,0.9000,"[std] Beitragsfreistellung rate 4.0 pct policy years 1-5, 3.0 pct 6-10, 2.0 pct 11+, and Zuzahlung take-up 0.70 policy years 1-5, 0.85 6-15, 0.90 16+. dur is the policy year, duration(t) + 1. The shape is argued from the product's structure [R14]; no German insurer publishes either series (gap 3), so the levels are invented"
base,60,0.0200,0.9000,"[std] Beitragsfreistellung rate 4.0 pct policy years 1-5, 3.0 pct 6-10, 2.0 pct 11+, and Zuzahlung take-up 0.70 policy years 1-5, 0.85 6-15, 0.90 16+. dur is the policy year, duration(t) + 1. The shape is argued from the product's structure [R14]; no German insurer publishes either series (gap 3), so the levels are invented"
base,61,0.0200,0.9000,"[std] Beitragsfreistellung rate 4.0 pct policy years 1-5, 3.0 pct 6-10, 2.0 pct 11+, and Zuzahlung take-up 0.70 policy years 1-5, 0.85 6-15, 0.90 16+. dur is the policy year, duration(t) + 1. The shape is argued from the product's structure [R14]; no German insurer publishes either series (gap 3), so the levels are invented"
base,62,0.0200,0.9000,"[std] Beitragsfreistellung rate 4.0 pct policy years 1-5, 3.0 pct 6-10, 2.0 pct 11+, and Zuzahlung take-up 0.70 policy years 1-5, 0.85 6-15, 0.90 16+. dur is the policy year, duration(t) + 1. The shape is argued from the product's structure [R14]; no German insurer publishes either series (gap 3), so the levels are invented"
base,63,0.0200,0.9000,"[std] Beitragsfreistellung rate 4.0 pct policy years 1-5, 3.0 pct 6-10, 2.0 pct 11+, and Zuzahlung take-up 0.70 policy years 1-5, 0.85 6-15, 0.90 16+. dur is the policy year, duration(t) + 1. The shape is argued from the product's structure [R14]; no German insurer publishes either series (gap 3), so the levels are invented"
base,64,0.0200,0.9000,"[std] Beitragsfreistellung rate 4.0 pct policy years 1-5, 3.0 pct 6-10, 2.0 pct 11+, and Zuzahlung take-up 0.70 policy years 1-5, 0.85 6-15, 0.90 16+. dur is the policy year, duration(t) + 1. The shape is argued from the product's structure [R14]; no German insurer publishes either series (gap 3), so the levels are invented"
base,65,0.0200,0.9000,"[std] Beitragsfreistellung rate 4.0 pct policy years 1-5, 3.0 pct 6-10, 2.0 pct 11+, and Zuzahlung take-up 0.70 policy years 1-5, 0.85 6-15, 0.90 16+. dur is the policy year, duration(t) + 1. The shape is argued from the product's structure [R14]; no German insurer publishes either series (gap 3), so the levels are invented"
base,66,0.0200,0.9000,"[std] Beitragsfreistellung rate 4.0 pct policy years 1-5, 3.0 pct 6-10, 2.0 pct 11+, and Zuzahlung take-up 0.70 policy years 1-5, 0.85 6-15, 0.90 16+. dur is the policy year, duration(t) + 1. The shape is argued from the product's structure [R14]; no German insurer publishes either series (gap 3), so the levels are invented"
base,67,0.0200,0.9000,"[std] Beitragsfreistellung rate 4.0 pct policy years 1-5, 3.0 pct 6-10, 2.0 pct 11+, and Zuzahlung take-up 0.70 policy years 1-5, 0.85 6-15, 0.90 16+. dur is the policy year, duration(t) + 1. The shape is argued from the product's structure [R14]; no German insurer publishes either series (gap 3), so the levels are invented"
base,68,0.0200,0.9000,"[std] Beitragsfreistellung rate 4.0 pct policy years 1-5, 3.0 pct 6-10, 2.0 pct 11+, and Zuzahlung take-up 0.70 policy years 1-5, 0.85 6-15, 0.90 16+. dur is the policy year, duration(t) + 1. The shape is argued from the product's structure [R14]; no German insurer publishes either series (gap 3), so the levels are invented"
base,69,0.0200,0.9000,"[std] Beitragsfreistellung rate 4.0 pct policy years 1-5, 3.0 pct 6-10, 2.0 pct 11+, and Zuzahlung take-up 0.70 policy years 1-5, 0.85 6-15, 0.90 16+. dur is the policy year, duration(t) + 1. The shape is argued from the product's structure [R14]; no German insurer publishes either series (gap 3), so the levels are invented"
base,70,0.0200,0.9000,"[std] Beitragsfreistellung rate 4.0 pct policy years 1-5, 3.0 pct 6-10, 2.0 pct 11+, and Zuzahlung take-up 0.70 policy years 1-5, 0.85 6-15, 0.90 16+. dur is the policy year, duration(t) + 1. The shape is argued from the product's structure [R14]; no German insurer publishes either series (gap 3), so the levels are invented"
base,71,0.0200,0.9000,"[std] Beitragsfreistellung rate 4.0 pct policy years 1-5, 3.0 pct 6-10, 2.0 pct 11+, and Zuzahlung take-up 0.70 policy years 1-5, 0.85 6-15, 0.90 16+. dur is the policy year, duration(t) + 1. The shape is argued from the product's structure [R14]; no German insurer publishes either series (gap 3), so the levels are invented"
base,72,0.0200,0.9000,"[std] Beitragsfreistellung rate 4.0 pct policy years 1-5, 3.0 pct 6-10, 2.0 pct 11+, and Zuzahlung take-up 0.70 policy years 1-5, 0.85 6-15, 0.90 16+. dur is the policy year, duration(t) + 1. The shape is argued from the product's structure [R14]; no German insurer publishes either series (gap 3), so the levels are invented"
base,73,0.0200,0.9000,"[std] Beitragsfreistellung rate 4.0 pct policy years 1-5, 3.0 pct 6-10, 2.0 pct 11+, and Zuzahlung take-up 0.70 policy years 1-5, 0.85 6-15, 0.90 16+. dur is the policy year, duration(t) + 1. The shape is argued from the product's structure [R14]; no German insurer publishes either series (gap 3), so the levels are invented"
base,74,0.0200,0.9000,"[std] Beitragsfreistellung rate 4.0 pct policy years 1-5, 3.0 pct 6-10, 2.0 pct 11+, and Zuzahlung take-up 0.70 policy years 1-5, 0.85 6-15, 0.90 16+. dur is the policy year, duration(t) + 1. The shape is argued from the product's structure [R14]; no German insurer publishes either series (gap 3), so the levels are invented"
base,75,0.0200,0.9000,"[std] Beitragsfreistellung rate 4.0 pct policy years 1-5, 3.0 pct 6-10, 2.0 pct 11+, and Zuzahlung take-up 0.70 policy years 1-5, 0.85 6-15, 0.90 16+. dur is the policy year, duration(t) + 1. The shape is argued from the product's structure [R14]; no German insurer publishes either series (gap 3), so the levels are invented"
base,76,0.0200,0.9000,"[std] Beitragsfreistellung rate 4.0 pct policy years 1-5, 3.0 pct 6-10, 2.0 pct 11+, and Zuzahlung take-up 0.70 policy years 1-5, 0.85 6-15, 0.90 16+. dur is the policy year, duration(t) + 1. The shape is argued from the product's structure [R14]; no German insurer publishes either series (gap 3), so the levels are invented"
base,77,0.0200,0.9000,"[std] Beitragsfreistellung rate 4.0 pct policy years 1-5, 3.0 pct 6-10, 2.0 pct 11+, and Zuzahlung take-up 0.70 policy years 1-5, 0.85 6-15, 0.90 16+. dur is the policy year, duration(t) + 1. The shape is argued from the product's structure [R14]; no German insurer publishes either series (gap 3), so the levels are invented"
base,78,0.0200,0.9000,"[std] Beitragsfreistellung rate 4.0 pct policy years 1-5, 3.0 pct 6-10, 2.0 pct 11+, and Zuzahlung take-up 0.70 policy years 1-5, 0.85 6-15, 0.90 16+. dur is the policy year, duration(t) + 1. The shape is argued from the product's structure [R14]; no German insurer publishes either series (gap 3), so the levels are invented"
base,79,0.0200,0.9000,"[std] Beitragsfreistellung rate 4.0 pct policy years 1-5, 3.0 pct 6-10, 2.0 pct 11+, and Zuzahlung take-up 0.70 policy years 1-5, 0.85 6-15, 0.90 16+. dur is the policy year, duration(t) + 1. The shape is argued from the product's structure [R14]; no German insurer publishes either series (gap 3), so the levels are invented"
base,80,0.0200,0.9000,"[std] Beitragsfreistellung rate 4.0 pct policy years 1-5, 3.0 pct 6-10, 2.0 pct 11+, and Zuzahlung take-up 0.70 policy years 1-5, 0.85 6-15, 0.90 16+. dur is the policy year, duration(t) + 1. The shape is argued from the product's structure [R14]; no German insurer publishes either series (gap 3), so the levels are invented"
base,81,0.0200,0.9000,"[std] Beitragsfreistellung rate 4.0 pct policy years 1-5, 3.0 pct 6-10, 2.0 pct 11+, and Zuzahlung take-up 0.70 policy years 1-5, 0.85 6-15, 0.90 16+. dur is the policy year, duration(t) + 1. The shape is argued from the product's structure [R14]; no German insurer publishes either series (gap 3), so the levels are invented"
base,82,0.0200,0.9000,"[std] Beitragsfreistellung rate 4.0 pct policy years 1-5, 3.0 pct 6-10, 2.0 pct 11+, and Zuzahlung take-up 0.70 policy years 1-5, 0.85 6-15, 0.90 16+. dur is the policy year, duration(t) + 1. The shape is argued from the product's structure [R14]; no German insurer publishes either series (gap 3), so the levels are invented"
base,83,0.0200,0.9000,"[std] Beitragsfreistellung rate 4.0 pct policy years 1-5, 3.0 pct 6-10, 2.0 pct 11+, and Zuzahlung take-up 0.70 policy years 1-5, 0.85 6-15, 0.90 16+. dur is the policy year, duration(t) + 1. The shape is argued from the product's structure [R14]; no German insurer publishes either series (gap 3), so the levels are invented"
base,84,0.0200,0.9000,"[std] Beitragsfreistellung rate 4.0 pct policy years 1-5, 3.0 pct 6-10, 2.0 pct 11+, and Zuzahlung take-up 0.70 policy years 1-5, 0.85 6-15, 0.90 16+. dur is the policy year, duration(t) + 1. The shape is argued from the product's structure [R14]; no German insurer publishes either series (gap 3), so the levels are invented"
base,85,0.0200,0.9000,"[std] Beitragsfreistellung rate 4.0 pct policy years 1-5, 3.0 pct 6-10, 2.0 pct 11+, and Zuzahlung take-up 0.70 policy years 1-5, 0.85 6-15, 0.90 16+. dur is the policy year, duration(t) + 1. The shape is argued from the product's structure [R14]; no German insurer publishes either series (gap 3), so the levels are invented"
base,86,0.0200,0.9000,"[std] Beitragsfreistellung rate 4.0 pct policy years 1-5, 3.0 pct 6-10, 2.0 pct 11+, and Zuzahlung take-up 0.70 policy years 1-5, 0.85 6-15, 0.90 16+. dur is the policy year, duration(t) + 1. The shape is argued from the product's structure [R14]; no German insurer publishes either series (gap 3), so the levels are invented"
base,87,0.0200,0.9000,"[std] Beitragsfreistellung rate 4.0 pct policy years 1-5, 3.0 pct 6-10, 2.0 pct 11+, and Zuzahlung take-up 0.70 policy years 1-5, 0.85 6-15, 0.90 16+. dur is the policy year, duration(t) + 1. The shape is argued from the product's structure [R14]; no German insurer publishes either series (gap 3), so the levels are invented"
base,88,0.0200,0.9000,"[std] Beitragsfreistellung rate 4.0 pct policy years 1-5, 3.0 pct 6-10, 2.0 pct 11+, and Zuzahlung take-up 0.70 policy years 1-5, 0.85 6-15, 0.90 16+. dur is the policy year, duration(t) + 1. The shape is argued from the product's structure [R14]; no German insurer publishes either series (gap 3), so the levels are invented"
base,89,0.0200,0.9000,"[std] Beitragsfreistellung rate 4.0 pct policy years 1-5, 3.0 pct 6-10, 2.0 pct 11+, and Zuzahlung take-up 0.70 policy years 1-5, 0.85 6-15, 0.90 16+. dur is the policy year, duration(t) + 1. The shape is argued from the product's structure [R14]; no German insurer publishes either series (gap 3), so the levels are invented"
base,90,0.0200,0.9000,"[std] Beitragsfreistellung rate 4.0 pct policy years 1-5, 3.0 pct 6-10, 2.0 pct 11+, and Zuzahlung take-up 0.70 policy years 1-5, 0.85 6-15, 0.90 16+. dur is the policy year, duration(t) + 1. The shape is argued from the product's structure [R14]; no German insurer publishes either series (gap 3), so the levels are invented"
base,91,0.0200,0.9000,"[std] Beitragsfreistellung rate 4.0 pct policy years 1-5, 3.0 pct 6-10, 2.0 pct 11+, and Zuzahlung take-up 0.70 policy years 1-5, 0.85 6-15, 0.90 16+. dur is the policy year, duration(t) + 1. The shape is argued from the product's structure [R14]; no German insurer publishes either series (gap 3), so the levels are invented"
base,92,0.0200,0.9000,"[std] Beitragsfreistellung rate 4.0 pct policy years 1-5, 3.0 pct 6-10, 2.0 pct 11+, and Zuzahlung take-up 0.70 policy years 1-5, 0.85 6-15, 0.90 16+. dur is the policy year, duration(t) + 1. The shape is argued from the product's structure [R14]; no German insurer publishes either series (gap 3), so the levels are invented"
base,93,0.0200,0.9000,"[std] Beitragsfreistellung rate 4.0 pct policy years 1-5, 3.0 pct 6-10, 2.0 pct 11+, and Zuzahlung take-up 0.70 policy years 1-5, 0.85 6-15, 0.90 16+. dur is the policy year, duration(t) + 1. The shape is argued from the product's structure [R14]; no German insurer publishes either series (gap 3), so the levels are invented"
base,94,0.0200,0.9000,"[std] Beitragsfreistellung rate 4.0 pct policy years 1-5, 3.0 pct 6-10, 2.0 pct 11+, and Zuzahlung take-up 0.70 policy years 1-5, 0.85 6-15, 0.90 16+. dur is the policy year, duration(t) + 1. The shape is argued from the product's structure [R14]; no German insurer publishes either series (gap 3), so the levels are invented"
base,95,0.0200,0.9000,"[std] Beitragsfreistellung rate 4.0 pct policy years 1-5, 3.0 pct 6-10, 2.0 pct 11+, and Zuzahlung take-up 0.70 policy years 1-5, 0.85 6-15, 0.90 16+. dur is the policy year, duration(t) + 1. The shape is argued from the product's structure [R14]; no German insurer publishes either series (gap 3), so the levels are invented"
